{
  "version": "2.0",
  "label": "Real GDP per capita",
  "href": "http://ec.europa.eu/eurostat/wdds/rest/data/v2.1/json/en/sdg_08_10?na_item=B1GQ&precision=1&unit=CLV10_EUR_HAB",
  "source": "Eurostat",
  "updated": "2021-11-30",
  "status": {
    "41": "p",
    "82": "p",
    "83": "p",
    "104": "p",
    "144": "p",
    "145": "p",
    "146": "p",
    "220": "b",
    "229": "p",
    "230": "p",
    "250": "p",
    "251": "p",
    "293": ":",
    "334": "p",
    "335": "p",
    "356": "e",
    "377": "p",
    "504": ":",
    "505": ":",
    "506": ":",
    "507": ":",
    "508": ":",
    "509": ":",
    "525": "e",
    "526": "e",
    "527": "e",
    "528": "e",
    "529": "e",
    "530": "e",
    "531": "e",
    "532": "e",
    "533": "e",
    "534": "e",
    "535": "e",
    "536": "e",
    "537": "e",
    "538": "e",
    "539": "e",
    "540": "e",
    "541": "e",
    "542": "e",
    "543": "e",
    "544": ":",
    "545": ":",
    "586": "p",
    "587": "p",
    "650": "p",
    "651": ":c",
    "652": ":c",
    "655": "b",
    "671": "p",
    "722": "b",
    "797": ":"
  },
  "extension": {
    "datasetId": "sdg_08_10",
    "lang": "EN",
    "description": "The indicator is calculated as the ratio of real GDP to the average population of a specific year. GDP measures the value of total final output of goods and services produced by an economy within a certain period of time. It includes goods and services that have markets (or which could have markets) and products which are produced by general government and non-profit institutions. It is a measure of economic activity and is also used as a proxy for the development in a country’s material living standards. However, it is a limited measure of economic welfare. For example, neither does GDP include most unpaid household work nor does GDP take account of negative effects of economic activity, like environmental degradation.",
    "subTitle": null,
    "status": {
      "label": {
        "p": "provisional",
        "b": "break in time series",
        ":": "not available",
        "e": "estimated",
        "c": "confidential"
      }
    }
  },
  "class": "dataset",
  "value": {
    "0": 31710,
    "1": 31990,
    "2": 32360,
    "3": 32520,
    "4": 33200,
    "5": 33710,
    "6": 34700,
    "7": 35870,
    "8": 36280,
    "9": 34830,
    "10": 35390,
    "11": 36300,
    "12": 36390,
    "13": 36180,
    "14": 36130,
    "15": 36140,
    "16": 36390,
    "17": 36980,
    "18": 37720,
    "19": 38110,
    "20": 35390,
    "21": 29890,
    "22": 30110,
    "23": 30490,
    "24": 30680,
    "25": 31640,
    "26": 32200,
    "27": 32800,
    "28": 33760,
    "29": 33640,
    "30": 32700,
    "31": 33330,
    "32": 33460,
    "33": 33490,
    "34": 33490,
    "35": 33870,
    "36": 34360,
    "37": 34620,
    "38": 35050,
    "39": 35520,
    "40": 36090,
    "41": 33950,
    "42": 2990,
    "43": 3210,
    "44": 3420,
    "45": 3620,
    "46": 3870,
    "47": 4170,
    "48": 4480,
    "49": 4800,
    "50": 5110,
    "51": 4970,
    "52": 5080,
    "53": 5320,
    "54": 5390,
    "55": 5390,
    "56": 5470,
    "57": 5700,
    "58": 5910,
    "59": 6120,
    "60": 6330,
    "61": 6630,
    "62": 6380,
    "63": 52080,
    "64": 52640,
    "65": 52260,
    "66": 51860,
    "67": 52970,
    "68": 54180,
    "69": 56000,
    "70": 57720,
    "71": 58620,
    "72": 56750,
    "73": 58170,
    "74": 58730,
    "75": 58820,
    "76": 59200,
    "77": 59920,
    "78": 60220,
    "79": 60780,
    "80": 61170,
    "81": 62500,
    "82": 62800,
    "83": 60820,
    "84": 20130,
    "85": 20700,
    "86": 21230,
    "87": 21520,
    "88": 22300,
    "89": 23050,
    "90": 23740,
    "91": 24420,
    "92": 24680,
    "93": 23550,
    "94": 23400,
    "95": 22900,
    "96": 21780,
    "97": 20400,
    "98": 20250,
    "99": 21050,
    "100": 22310,
    "101": 23400,
    "102": 24430,
    "103": 25370,
    "104": 23770,
    "105": 11230,
    "106": 11620,
    "107": 11830,
    "108": 12260,
    "109": 12840,
    "110": 13650,
    "111": 14530,
    "112": 15250,
    "113": 15500,
    "114": 14690,
    "115": 15020,
    "116": 15310,
    "117": 15170,
    "118": 15160,
    "119": 15480,
    "120": 16290,
    "121": 16670,
    "122": 17490,
    "123": 17990,
    "124": 18460,
    "125": 17340,
    "126": 28910,
    "127": 29370,
    "128": 29290,
    "129": 29100,
    "130": 29470,
    "131": 29730,
    "132": 30930,
    "133": 31920,
    "134": 32320,
    "135": 30580,
    "136": 31940,
    "137": 33200,
    "138": 33280,
    "139": 33330,
    "140": 33920,
    "141": 34130,
    "142": 34610,
    "143": 35410,
    "144": 35690,
    "145": 35980,
    "146": 34310,
    "147": 42190,
    "148": 42390,
    "149": 42430,
    "150": 42490,
    "151": 43520,
    "152": 44400,
    "153": 45990,
    "154": 46210,
    "155": 45700,
    "156": 43220,
    "157": 43840,
    "158": 44240,
    "159": 44170,
    "160": 44410,
    "161": 44890,
    "162": 45630,
    "163": 46720,
    "164": 47740,
    "165": 48450,
    "166": 49270,
    "167": 48150,
    "168": 26490,
    "169": 26980,
    "170": 27090,
    "171": 27120,
    "172": 27590,
    "173": 27900,
    "174": 28670,
    "175": 29370,
    "176": 29340,
    "177": 27930,
    "178": 28460,
    "179": 28870,
    "180": 28560,
    "181": 28440,
    "182": 28790,
    "183": 29290,
    "184": 29740,
    "185": 30450,
    "186": 30930,
    "187": 31320,
    "188": 29290,
    "189": 7540,
    "190": 8040,
    "191": 8640,
    "192": 9350,
    "193": 10050,
    "194": 11070,
    "195": 12230,
    "196": 13230,
    "197": 12590,
    "198": 10770,
    "199": 11060,
    "200": 11890,
    "201": 12320,
    "202": 12540,
    "203": 12960,
    "204": 13230,
    "205": 13620,
    "206": 14410,
    "207": 14970,
    "208": 15510,
    "209": 15010,
    "210": 17430,
    "211": 18050,
    "212": 18690,
    "213": 19730,
    "214": 20670,
    "215": 20740,
    "216": 21840,
    "217": 22500,
    "218": 22370,
    "219": 21350,
    "220": 20150,
    "221": 18130,
    "222": 16940,
    "223": 16630,
    "224": 16830,
    "225": 16900,
    "226": 16890,
    "227": 17110,
    "228": 17430,
    "229": 17760,
    "230": 16170,
    "231": 21460,
    "232": 22190,
    "233": 22430,
    "234": 22680,
    "235": 23020,
    "236": 23420,
    "237": 24000,
    "238": 24380,
    "239": 24200,
    "240": 23100,
    "241": 23040,
    "242": 22770,
    "243": 22080,
    "244": 21840,
    "245": 22210,
    "246": 23080,
    "247": 23760,
    "248": 24430,
    "249": 24880,
    "250": 25200,
    "251": 22350,
    "252": 22460,
    "253": 22900,
    "254": 23090,
    "255": 23210,
    "256": 23710,
    "257": 24060,
    "258": 24820,
    "259": 25510,
    "260": 25580,
    "261": 24410,
    "262": 24900,
    "263": 25320,
    "264": 25100,
    "265": 25060,
    "266": 25420,
    "267": 25950,
    "268": 26410,
    "269": 27110,
    "270": 27620,
    "271": 28070,
    "272": 26380,
    "273": 23000,
    "274": 23460,
    "275": 23710,
    "276": 23930,
    "277": 24430,
    "278": 24830,
    "279": 25560,
    "280": 26220,
    "281": 26240,
    "282": 25030,
    "283": 25520,
    "284": 25900,
    "285": 25740,
    "286": 25770,
    "287": 26180,
    "288": 26700,
    "289": 27140,
    "290": 27800,
    "291": 28270,
    "292": 28690,
    "294": 30510,
    "295": 31230,
    "296": 31690,
    "297": 32250,
    "298": 33440,
    "299": 34250,
    "300": 35490,
    "301": 37210,
    "302": 37330,
    "303": 34150,
    "304": 35080,
    "305": 35810,
    "306": 35140,
    "307": 34660,
    "308": 34390,
    "309": 34460,
    "310": 35330,
    "311": 36380,
    "312": 36740,
    "313": 37200,
    "314": 36070,
    "315": 28930,
    "316": 29290,
    "317": 29410,
    "318": 29440,
    "319": 30050,
    "320": 30320,
    "321": 30850,
    "322": 31400,
    "323": 31310,
    "324": 30250,
    "325": 30690,
    "326": 31210,
    "327": 31160,
    "328": 31170,
    "329": 31320,
    "330": 31540,
    "331": 31770,
    "332": 32360,
    "333": 32820,
    "334": 33320,
    "335": 30610,
    "336": 8270,
    "337": 8500,
    "338": 8990,
    "339": 9490,
    "340": 9870,
    "341": 10290,
    "342": 10800,
    "343": 11330,
    "344": 11550,
    "345": 10720,
    "346": 10610,
    "347": 10630,
    "348": 10420,
    "349": 10420,
    "350": 10430,
    "351": 10770,
    "352": 11240,
    "353": 11750,
    "354": 12200,
    "355": 12700,
    "356": 11720,
    "357": 7910,
    "358": 8260,
    "359": 8670,
    "360": 9050,
    "361": 9530,
    "362": 9950,
    "363": 10360,
    "364": 10410,
    "365": 10530,
    "366": 9850,
    "367": 9980,
    "368": 10200,
    "369": 10120,
    "370": 10330,
    "371": 10800,
    "372": 11220,
    "373": 11500,
    "374": 12030,
    "375": 12690,
    "376": 13270,
    "377": 12680,
    "378": 33270,
    "379": 34490,
    "380": 35890,
    "381": 36370,
    "382": 38170,
    "383": 39460,
    "384": 40360,
    "385": 41240,
    "386": 38550,
    "387": 36240,
    "388": 36700,
    "389": 36940,
    "390": 36770,
    "391": 37060,
    "392": 40010,
    "393": 49620,
    "394": 50060,
    "395": 53930,
    "396": 58100,
    "397": 60130,
    "398": 62980,
    "399": 28570,
    "400": 29310,
    "401": 29220,
    "402": 29670,
    "403": 31620,
    "404": 33190,
    "405": 34310,
    "406": 36360,
    "407": 36230,
    "408": 33480,
    "409": 32650,
    "410": 33150,
    "411": 33330,
    "412": 34510,
    "413": 34710,
    "414": 35870,
    "415": 37610,
    "416": 38280,
    "417": 39090,
    "418": 39160,
    "419": 36030,
    "420": 27430,
    "421": 27950,
    "422": 27960,
    "423": 27850,
    "424": 28040,
    "425": 28100,
    "426": 28490,
    "427": 28740,
    "428": 28250,
    "429": 26600,
    "430": 26940,
    "431": 27030,
    "432": 26160,
    "433": 25620,
    "434": 25620,
    "435": 25860,
    "436": 26240,
    "437": 26730,
    "438": 27030,
    "439": 27210,
    "440": 24890,
    "441": 5230,
    "442": 5620,
    "443": 6050,
    "444": 6740,
    "445": 7270,
    "446": 7960,
    "447": 8690,
    "448": 9770,
    "449": 10130,
    "450": 8720,
    "451": 9050,
    "452": 9820,
    "453": 10330,
    "454": 10810,
    "455": 11290,
    "456": 11620,
    "457": 12070,
    "458": 12760,
    "459": 13400,
    "460": 14050,
    "461": 14030,
    "462": 72530,
    "463": 73930,
    "464": 75500,
    "465": 76510,
    "466": 78660,
    "467": 79370,
    "468": 82860,
    "469": 88120,
    "470": 86330,
    "471": 82020,
    "472": 83550,
    "473": 82490,
    "474": 81940,
    "475": 82400,
    "476": 82590,
    "477": 82820,
    "478": 84750,
    "479": 84020,
    "480": 84040,
    "481": 85030,
    "482": 82250,
    "483": 5250,
    "484": 5650,
    "485": 6120,
    "486": 6700,
    "487": 7340,
    "488": 8210,
    "489": 9280,
    "490": 10280,
    "491": 10050,
    "492": 8770,
    "493": 8550,
    "494": 8940,
    "495": 9680,
    "496": 9980,
    "497": 10260,
    "498": 10750,
    "499": 11110,
    "500": 11590,
    "501": 12140,
    "502": 12530,
    "503": 12150,
    "510": 4580,
    "511": 4890,
    "512": 5230,
    "513": 4920,
    "514": 5050,
    "515": 5200,
    "516": 5060,
    "517": 5230,
    "518": 5320,
    "519": 5500,
    "520": 5660,
    "521": 5920,
    "522": 6230,
    "523": 6480,
    "524": 5490,
    "525": 2620,
    "526": 2530,
    "527": 2580,
    "528": 2630,
    "529": 2750,
    "530": 2870,
    "531": 3010,
    "532": 3200,
    "533": 3370,
    "534": 3350,
    "535": 3460,
    "536": 3530,
    "537": 3510,
    "538": 3610,
    "539": 3740,
    "540": 3870,
    "541": 3980,
    "542": 4020,
    "543": 4130,
    "546": 13750,
    "547": 13480,
    "548": 13730,
    "549": 14200,
    "550": 14120,
    "551": 14510,
    "552": 14820,
    "553": 15470,
    "554": 15960,
    "555": 15660,
    "556": 16440,
    "557": 16450,
    "558": 16970,
    "559": 17650,
    "560": 18610,
    "561": 19920,
    "562": 20080,
    "563": 21790,
    "564": 22320,
    "565": 22730,
    "566": 20410,
    "567": 35060,
    "568": 35610,
    "569": 35460,
    "570": 35350,
    "571": 35920,
    "572": 36570,
    "573": 37780,
    "574": 39120,
    "575": 39810,
    "576": 38160,
    "577": 38470,
    "578": 38880,
    "579": 38340,
    "580": 38180,
    "581": 38580,
    "582": 39170,
    "583": 39810,
    "584": 40730,
    "585": 41450,
    "586": 41980,
    "587": 40160,
    "588": 61660,
    "589": 62620,
    "590": 63190,
    "591": 63380,
    "592": 65510,
    "593": 66780,
    "594": 67830,
    "595": 69140,
    "596": 68610,
    "597": 66580,
    "598": 66220,
    "599": 66010,
    "600": 66900,
    "601": 66780,
    "602": 67340,
    "603": 67960,
    "604": 68090,
    "605": 69130,
    "606": 69440,
    "607": 69560,
    "608": 68630,
    "609": 6450,
    "610": 6530,
    "611": 6670,
    "612": 6910,
    "613": 7260,
    "614": 7510,
    "615": 7980,
    "616": 8550,
    "617": 8910,
    "618": 9070,
    "619": 9400,
    "620": 9850,
    "621": 9980,
    "622": 10100,
    "623": 10440,
    "624": 10890,
    "625": 11240,
    "626": 11790,
    "627": 12420,
    "628": 13020,
    "629": 12700,
    "630": 16230,
    "631": 16430,
    "632": 16470,
    "633": 16250,
    "634": 16500,
    "635": 16600,
    "636": 16840,
    "637": 17230,
    "638": 17260,
    "639": 16710,
    "640": 16990,
    "641": 16720,
    "642": 16110,
    "643": 16050,
    "644": 16260,
    "645": 16620,
    "646": 17010,
    "647": 17650,
    "648": 18190,
    "649": 18670,
    "650": 17070,
    "653": 4260,
    "654": 4380,
    "655": 4860,
    "656": 5120,
    "657": 5560,
    "658": 6050,
    "659": 6730,
    "660": 6410,
    "661": 6200,
    "662": 6350,
    "663": 6500,
    "664": 6770,
    "665": 7040,
    "666": 7290,
    "667": 7670,
    "668": 8280,
    "669": 8700,
    "670": 9120,
    "671": 8810,
    "672": 2650,
    "673": 2840,
    "674": 3020,
    "675": 3160,
    "676": 3460,
    "677": 3660,
    "678": 3860,
    "679": 4130,
    "680": 4380,
    "681": 4280,
    "682": 4330,
    "683": 4450,
    "684": 4440,
    "685": 4590,
    "686": 4540,
    "687": 4640,
    "688": 4820,
    "689": 4950,
    "690": 5200,
    "691": 5460,
    "692": 5440,
    "693": 33960,
    "694": 34360,
    "695": 35000,
    "696": 35680,
    "697": 37080,
    "698": 37990,
    "699": 39540,
    "700": 40590,
    "701": 40100,
    "702": 38030,
    "703": 39950,
    "704": 40920,
    "705": 40380,
    "706": 40510,
    "707": 41180,
    "708": 42580,
    "709": 42920,
    "710": 43430,
    "711": 43760,
    "712": 44180,
    "713": 42570,
    "714": 13980,
    "715": 14410,
    "716": 14900,
    "717": 15330,
    "718": 15990,
    "719": 16570,
    "720": 17460,
    "721": 18570,
    "722": 19190,
    "723": 17570,
    "724": 17750,
    "725": 17870,
    "726": 17360,
    "727": 17160,
    "728": 17620,
    "729": 17990,
    "730": 18550,
    "731": 19440,
    "732": 20240,
    "733": 20720,
    "734": 19720,
    "735": 7780,
    "736": 8060,
    "737": 8430,
    "738": 8890,
    "739": 9360,
    "740": 9970,
    "741": 10800,
    "742": 11960,
    "743": 12610,
    "744": 11890,
    "745": 12610,
    "746": 13020,
    "747": 13180,
    "748": 13250,
    "749": 13600,
    "750": 14300,
    "751": 14550,
    "752": 14960,
    "753": 15510,
    "754": 15890,
    "755": 15180,
    "756": 6130,
    "757": 5700,
    "758": 5990,
    "759": 6260,
    "760": 6790,
    "761": 7310,
    "762": 7720,
    "763": 8010,
    "764": 7980,
    "765": 7490,
    "766": 8000,
    "767": 8760,
    "768": 9070,
    "769": 9710,
    "770": 10050,
    "771": 10520,
    "772": 10730,
    "773": 11380,
    "774": 11560,
    "775": 11500,
    "776": 11600,
    "777": 27130,
    "778": 27770,
    "779": 28250,
    "780": 29060,
    "781": 29560,
    "782": 30210,
    "783": 30810,
    "784": 31280,
    "785": 30940,
    "786": 29460,
    "787": 29830,
    "788": 29960,
    "789": 30190,
    "790": 30660,
    "791": 31290,
    "792": 31780,
    "793": 32060,
    "794": 32430,
    "795": 32640,
    "796": 32910
  },
  "dimension": {
    "unit": {
      "label": "unit",
      "category": {
        "index": { "CLV10_EUR_HAB": 0 },
        "label": {
          "CLV10_EUR_HAB": "Chain linked volumes (2010), euro per capita"
        }
      }
    },
    "na_item": {
      "label": "na_item",
      "category": {
        "index": { "B1GQ": 0 },
        "label": { "B1GQ": "Gross domestic product at market prices" }
      }
    },
    "geo": {
      "label": "geo",
      "category": {
        "index": {
          "AT": 0,
          "BE": 1,
          "BG": 2,
          "CH": 3,
          "CY": 4,
          "CZ": 5,
          "DE": 6,
          "DK": 7,
          "EA19": 8,
          "EE": 9,
          "EL": 10,
          "ES": 11,
          "EU27_2020": 12,
          "EU28": 13,
          "FI": 14,
          "FR": 15,
          "HR": 16,
          "HU": 17,
          "IE": 18,
          "IS": 19,
          "IT": 20,
          "LT": 21,
          "LU": 22,
          "LV": 23,
          "ME": 24,
          "MK": 25,
          "MT": 26,
          "NL": 27,
          "NO": 28,
          "PL": 29,
          "PT": 30,
          "RO": 31,
          "RS": 32,
          "SE": 33,
          "SI": 34,
          "SK": 35,
          "TR": 36,
          "UK": 37
        },
        "label": {
          "AT": "Austria",
          "BE": "Belgium",
          "BG": "Bulgaria",
          "CH": "Switzerland",
          "CY": "Cyprus",
          "CZ": "Czechia",
          "DE": "Germany (until 1990 former territory of the FRG)",
          "DK": "Denmark",
          "EA19": "Euro area - 19 countries  (from 2015)",
          "EE": "Estonia",
          "EL": "Greece",
          "ES": "Spain",
          "EU27_2020": "European Union - 27 countries (from 2020)",
          "EU28": "European Union - 28 countries (2013-2020)",
          "FI": "Finland",
          "FR": "France",
          "HR": "Croatia",
          "HU": "Hungary",
          "IE": "Ireland",
          "IS": "Iceland",
          "IT": "Italy",
          "LT": "Lithuania",
          "LU": "Luxembourg",
          "LV": "Latvia",
          "ME": "Montenegro",
          "MK": "North Macedonia",
          "MT": "Malta",
          "NL": "Netherlands",
          "NO": "Norway",
          "PL": "Poland",
          "PT": "Portugal",
          "RO": "Romania",
          "RS": "Serbia",
          "SE": "Sweden",
          "SI": "Slovenia",
          "SK": "Slovakia",
          "TR": "Turkey",
          "UK": "United Kingdom"
        }
      }
    },
    "time": {
      "label": "time",
      "category": {
        "index": {
          "2000": 0,
          "2001": 1,
          "2002": 2,
          "2003": 3,
          "2004": 4,
          "2005": 5,
          "2006": 6,
          "2007": 7,
          "2008": 8,
          "2009": 9,
          "2010": 10,
          "2011": 11,
          "2012": 12,
          "2013": 13,
          "2014": 14,
          "2015": 15,
          "2016": 16,
          "2017": 17,
          "2018": 18,
          "2019": 19,
          "2020": 20
        },
        "label": {
          "2000": "2000",
          "2001": "2001",
          "2002": "2002",
          "2003": "2003",
          "2004": "2004",
          "2005": "2005",
          "2006": "2006",
          "2007": "2007",
          "2008": "2008",
          "2009": "2009",
          "2010": "2010",
          "2011": "2011",
          "2012": "2012",
          "2013": "2013",
          "2014": "2014",
          "2015": "2015",
          "2016": "2016",
          "2017": "2017",
          "2018": "2018",
          "2019": "2019",
          "2020": "2020"
        }
      }
    }
  },
  "id": ["unit", "na_item", "geo", "time"],
  "size": [1, 1, 38, 21]
}
