{
  "version": "2.0",
  "label": "Population on 1 January by age and sex",
  "href": "http://ec.europa.eu/eurostat/wdds/rest/data/v2.1/json/en/demo_pjan?precision=1&sex=T&age=TOTAL",
  "source": "Eurostat",
  "updated": "2021-07-05",
  "status": {
    "0": ":",
    "1": ":",
    "2": ":",
    "3": ":",
    "4": ":",
    "5": ":",
    "6": ":",
    "7": ":",
    "8": ":",
    "9": ":",
    "10": ":",
    "11": ":",
    "12": ":",
    "13": ":",
    "14": ":",
    "15": ":",
    "16": ":",
    "17": ":",
    "18": ":",
    "19": ":",
    "20": ":",
    "21": ":",
    "22": ":",
    "23": ":",
    "24": ":",
    "25": ":",
    "54": ":",
    "55": ":",
    "56": ":",
    "57": ":",
    "58": ":",
    "60": ":",
    "61": ":",
    "124": ":",
    "125": ":",
    "126": ":",
    "127": ":",
    "128": ":",
    "129": ":",
    "130": ":",
    "131": ":",
    "132": ":",
    "133": ":",
    "134": ":",
    "135": ":",
    "136": ":",
    "137": ":",
    "138": ":",
    "139": ":",
    "140": ":",
    "141": ":",
    "142": ":",
    "143": ":",
    "144": ":",
    "145": ":",
    "146": ":",
    "147": ":",
    "148": ":",
    "149": ":",
    "150": ":",
    "151": ":",
    "152": ":",
    "153": ":",
    "154": ":",
    "155": ":",
    "156": ":",
    "157": ":",
    "158": ":",
    "159": ":",
    "160": ":",
    "161": ":",
    "162": ":",
    "163": ":",
    "177": ":",
    "178": ":",
    "248": ":",
    "249": ":",
    "250": ":",
    "251": ":",
    "252": ":",
    "253": ":",
    "254": ":",
    "255": ":",
    "256": ":",
    "257": ":",
    "258": ":",
    "259": ":",
    "260": ":",
    "261": ":",
    "262": ":",
    "263": ":",
    "264": ":",
    "265": ":",
    "266": ":",
    "267": ":",
    "268": ":",
    "269": ":",
    "270": ":",
    "271": ":",
    "272": ":",
    "273": ":",
    "274": ":",
    "275": ":",
    "276": ":",
    "277": ":",
    "278": ":",
    "279": ":",
    "280": ":",
    "281": ":",
    "282": ":",
    "283": ":",
    "284": ":",
    "285": ":",
    "286": ":",
    "287": ":",
    "342": ":",
    "343": ":",
    "344": ":",
    "345": ":",
    "346": ":",
    "349": ":",
    "350": "e",
    "351": "e",
    "352": "e",
    "353": "e",
    "354": "e",
    "355": "e",
    "363": ":",
    "364": ":",
    "365": ":",
    "366": ":",
    "367": ":",
    "368": ":",
    "369": ":",
    "370": ":",
    "371": ":",
    "423": "b",
    "424": "b",
    "433": "p",
    "496": ":",
    "497": ":",
    "498": ":",
    "499": ":",
    "500": ":",
    "501": ":",
    "502": ":",
    "503": ":",
    "504": ":",
    "505": ":",
    "506": ":",
    "507": ":",
    "508": ":",
    "509": ":",
    "510": ":",
    "511": ":",
    "512": ":",
    "513": ":",
    "514": ":",
    "515": ":",
    "516": ":",
    "517": ":",
    "518": ":",
    "519": ":",
    "520": ":",
    "521": ":",
    "522": ":",
    "523": ":",
    "524": ":",
    "525": ":",
    "526": ":",
    "527": ":",
    "528": ":",
    "529": ":",
    "530": ":",
    "531": ":",
    "532": ":",
    "533": ":",
    "534": ":",
    "535": ":",
    "556": ":",
    "557": ":",
    "609": "b",
    "619": "p",
    "635": "b",
    "681": "p",
    "795": "b",
    "857": "b",
    "931": ":",
    "932": ":",
    "933": ":",
    "934": ":",
    "936": ":",
    "937": ":",
    "938": ":",
    "939": ":",
    "942": ":",
    "943": ":",
    "944": ":",
    "961": "b",
    "968": "b",
    "978": "b",
    "981": "b",
    "982": "b",
    "984": "b",
    "985": "b",
    "987": "b",
    "988": "p",
    "989": "bep",
    "990": "p",
    "991": "ep",
    "993": ":",
    "994": ":",
    "995": ":",
    "996": ":",
    "998": ":",
    "999": ":",
    "1000": ":",
    "1001": ":",
    "1004": ":",
    "1005": ":",
    "1006": ":",
    "1023": "b",
    "1030": "b",
    "1040": "b",
    "1043": "b",
    "1044": "b",
    "1046": "b",
    "1047": "b",
    "1049": "b",
    "1050": "p",
    "1051": "bep",
    "1052": "p",
    "1053": "ep",
    "1109": "b",
    "1117": ":",
    "1118": ":",
    "1119": ":",
    "1120": ":",
    "1122": ":",
    "1123": ":",
    "1124": ":",
    "1125": ":",
    "1128": ":",
    "1129": ":",
    "1130": ":",
    "1147": "b",
    "1154": "b",
    "1156": "b",
    "1164": "b",
    "1166": "b",
    "1167": "b",
    "1168": "b",
    "1170": "b",
    "1171": "b",
    "1173": "b",
    "1174": "p",
    "1175": "bep",
    "1176": "ep",
    "1177": ":",
    "1179": ":",
    "1180": ":",
    "1181": ":",
    "1182": ":",
    "1184": ":",
    "1185": ":",
    "1186": ":",
    "1187": ":",
    "1190": ":",
    "1191": ":",
    "1192": ":",
    "1209": "be",
    "1210": "e",
    "1211": "e",
    "1212": "e",
    "1213": "e",
    "1214": "e",
    "1215": "e",
    "1216": "be",
    "1217": "e",
    "1218": "be",
    "1219": "b",
    "1226": "b",
    "1228": "b",
    "1229": "b",
    "1230": "b",
    "1232": "b",
    "1233": "b",
    "1235": "b",
    "1236": "p",
    "1237": "bep",
    "1238": "ep",
    "1239": ":",
    "1291": "b",
    "1301": "p",
    "1363": "e",
    "1425": "p",
    "1427": ":",
    "1428": ":",
    "1429": ":",
    "1430": ":",
    "1432": ":",
    "1433": ":",
    "1434": ":",
    "1435": ":",
    "1438": ":",
    "1439": ":",
    "1440": ":",
    "1457": "b",
    "1464": "b",
    "1466": "b",
    "1474": "b",
    "1476": "b",
    "1477": "b",
    "1478": "b",
    "1480": "b",
    "1481": "b",
    "1483": "b",
    "1484": "p",
    "1485": "bep",
    "1486": "ep",
    "1487": ":",
    "1489": ":",
    "1490": ":",
    "1491": ":",
    "1492": ":",
    "1494": ":",
    "1495": ":",
    "1496": ":",
    "1497": ":",
    "1500": ":",
    "1501": ":",
    "1502": ":",
    "1519": "be",
    "1520": "e",
    "1521": "e",
    "1522": "e",
    "1523": "e",
    "1524": "e",
    "1525": "e",
    "1526": "be",
    "1527": "e",
    "1528": "be",
    "1529": "b",
    "1536": "b",
    "1538": "b",
    "1539": "b",
    "1540": "b",
    "1542": "b",
    "1543": "b",
    "1545": "b",
    "1546": "p",
    "1547": "bep",
    "1548": "ep",
    "1549": "ep",
    "1551": ":",
    "1552": ":",
    "1553": ":",
    "1554": ":",
    "1556": ":",
    "1557": ":",
    "1558": ":",
    "1559": ":",
    "1562": ":",
    "1563": ":",
    "1564": ":",
    "1581": "be",
    "1582": "e",
    "1583": "e",
    "1584": "e",
    "1585": "e",
    "1586": "e",
    "1587": "e",
    "1588": "be",
    "1589": "e",
    "1590": "be",
    "1591": "b",
    "1598": "b",
    "1600": "b",
    "1601": "b",
    "1602": "b",
    "1604": "b",
    "1605": "b",
    "1607": "b",
    "1608": "p",
    "1609": "bep",
    "1610": ":",
    "1611": ":",
    "1674": ":",
    "1675": ":",
    "1676": ":",
    "1677": ":",
    "1678": ":",
    "1679": ":",
    "1680": ":",
    "1681": ":",
    "1682": ":",
    "1683": ":",
    "1684": ":",
    "1685": ":",
    "1686": ":",
    "1687": ":",
    "1688": ":",
    "1689": ":",
    "1690": ":",
    "1691": ":",
    "1692": ":",
    "1693": ":",
    "1694": ":",
    "1695": ":",
    "1696": ":",
    "1697": ":",
    "1698": ":",
    "1699": ":",
    "1700": ":",
    "1701": ":",
    "1702": ":",
    "1703": ":",
    "1704": ":",
    "1726": "b",
    "1728": "b",
    "1732": "p",
    "1733": "p",
    "1734": "p",
    "1735": "p",
    "1790": ":",
    "1791": ":",
    "1792": ":",
    "1793": ":",
    "1794": ":",
    "1795": ":",
    "1796": ":",
    "1797": ":",
    "1798": ":",
    "1799": ":",
    "1800": ":",
    "1801": ":",
    "1802": ":",
    "1803": ":",
    "1804": ":",
    "1805": ":",
    "1806": ":",
    "1807": ":",
    "1808": ":",
    "1809": ":",
    "1810": ":",
    "1811": ":",
    "1812": ":",
    "1813": ":",
    "1814": ":",
    "1815": ":",
    "1816": ":",
    "1817": ":",
    "1818": ":",
    "1819": ":",
    "1820": ":",
    "1821": ":",
    "1822": ":",
    "1823": ":",
    "1824": ":",
    "1825": ":",
    "1826": ":",
    "1827": ":",
    "1828": ":",
    "1829": ":",
    "1830": ":",
    "1831": ":",
    "1832": ":",
    "1833": ":",
    "1834": ":",
    "1835": ":",
    "1836": ":",
    "1837": ":",
    "1838": "e",
    "1839": "e",
    "1840": "e",
    "1841": "e",
    "1842": "e",
    "1843": "e",
    "1851": ":",
    "1859": ":",
    "1881": "e",
    "1882": "e",
    "1883": "e",
    "1884": "e",
    "1885": "e",
    "1886": "e",
    "1887": "e",
    "1888": "e",
    "1889": "e",
    "1890": "e",
    "1891": "e",
    "1892": "e",
    "1893": "e",
    "1894": "e",
    "1895": "e",
    "1896": "e",
    "1897": "e",
    "1898": "e",
    "1899": "e",
    "1900": "e",
    "1901": "b",
    "1974": "b",
    "2043": "e",
    "2167": "b",
    "2169": "p",
    "2231": "p",
    "2346": "b",
    "2351": "b",
    "2418": ":",
    "2419": ":",
    "2420": ":",
    "2421": ":",
    "2422": ":",
    "2423": ":",
    "2424": ":",
    "2425": ":",
    "2426": ":",
    "2427": ":",
    "2428": ":",
    "2429": ":",
    "2430": ":",
    "2431": ":",
    "2432": ":",
    "2433": ":",
    "2434": ":",
    "2435": ":",
    "2436": ":",
    "2437": ":",
    "2438": ":",
    "2439": ":",
    "2440": ":",
    "2441": ":",
    "2442": ":",
    "2443": ":",
    "2444": ":",
    "2445": ":",
    "2446": ":",
    "2447": ":",
    "2448": ":",
    "2449": ":",
    "2450": ":",
    "2451": ":",
    "2452": ":",
    "2453": ":",
    "2454": ":",
    "2455": ":",
    "2456": ":",
    "2457": ":",
    "2458": ":",
    "2459": ":",
    "2460": ":",
    "2461": ":",
    "2464": ":",
    "2465": ":",
    "2466": ":",
    "2467": ":",
    "2468": ":",
    "2469": ":",
    "2470": ":",
    "2471": ":",
    "2472": ":",
    "2473": ":",
    "2474": ":",
    "2475": ":",
    "2476": ":",
    "2477": ":",
    "2478": ":",
    "2479": ":",
    "2480": ":",
    "2481": ":",
    "2482": ":",
    "2483": ":",
    "2484": ":",
    "2485": ":",
    "2486": ":",
    "2487": ":",
    "2488": ":",
    "2489": ":",
    "2490": ":",
    "2491": ":",
    "2492": ":",
    "2493": ":",
    "2494": ":",
    "2495": ":",
    "2496": ":",
    "2497": ":",
    "2498": ":",
    "2499": ":",
    "2500": ":",
    "2501": ":",
    "2502": ":",
    "2503": ":",
    "2504": ":",
    "2505": ":",
    "2506": ":",
    "2507": ":",
    "2508": ":",
    "2509": ":",
    "2510": ":",
    "2511": ":",
    "2512": ":",
    "2513": ":",
    "2514": ":",
    "2515": ":",
    "2516": ":",
    "2517": ":",
    "2518": ":",
    "2519": ":",
    "2536": ":",
    "2538": ":",
    "2539": ":",
    "2540": ":",
    "2541": ":",
    "2542": ":",
    "2543": ":",
    "2544": ":",
    "2545": ":",
    "2546": ":",
    "2547": ":",
    "2548": ":",
    "2549": ":",
    "2550": ":",
    "2551": ":",
    "2552": ":",
    "2553": ":",
    "2554": ":",
    "2555": ":",
    "2556": ":",
    "2557": ":",
    "2558": ":",
    "2559": ":",
    "2560": ":",
    "2561": ":",
    "2562": ":",
    "2563": ":",
    "2564": ":",
    "2565": ":",
    "2566": ":",
    "2567": ":",
    "2568": ":",
    "2569": ":",
    "2570": ":",
    "2571": ":",
    "2572": ":",
    "2573": ":",
    "2574": ":",
    "2575": ":",
    "2576": ":",
    "2577": ":",
    "2578": ":",
    "2579": ":",
    "2580": ":",
    "2581": ":",
    "2667": ":",
    "2668": ":",
    "2669": ":",
    "2670": ":",
    "2672": ":",
    "2673": ":",
    "2674": ":",
    "2675": ":",
    "2678": ":",
    "2679": ":",
    "2680": ":",
    "2697": "b",
    "2892": "b",
    "2902": "b",
    "3036": "e",
    "3037": "e",
    "3038": ":",
    "3039": ":",
    "3040": ":",
    "3041": ":",
    "3042": ":",
    "3043": ":",
    "3044": ":",
    "3045": ":",
    "3046": ":",
    "3047": ":",
    "3048": ":",
    "3049": ":",
    "3050": ":",
    "3051": ":",
    "3052": ":",
    "3053": ":",
    "3054": ":",
    "3055": ":",
    "3056": ":",
    "3057": ":",
    "3058": ":",
    "3059": ":",
    "3060": ":",
    "3061": ":",
    "3062": ":",
    "3063": ":",
    "3064": ":",
    "3065": ":",
    "3066": ":",
    "3067": ":",
    "3068": ":",
    "3069": ":",
    "3070": ":",
    "3071": ":",
    "3072": ":",
    "3073": ":",
    "3074": ":",
    "3075": ":",
    "3076": ":",
    "3089": "b",
    "3100": ":",
    "3101": ":",
    "3102": ":",
    "3103": ":",
    "3104": ":",
    "3105": ":",
    "3106": ":",
    "3107": ":",
    "3108": ":",
    "3109": ":",
    "3110": ":",
    "3111": ":",
    "3112": ":",
    "3113": ":",
    "3114": ":",
    "3115": ":",
    "3116": ":",
    "3117": ":",
    "3118": ":",
    "3119": ":",
    "3120": ":",
    "3121": ":",
    "3122": ":",
    "3123": ":",
    "3124": ":",
    "3125": ":",
    "3126": ":",
    "3127": ":",
    "3128": ":",
    "3129": ":",
    "3130": ":",
    "3131": ":",
    "3132": ":",
    "3133": ":",
    "3134": ":",
    "3135": ":",
    "3136": ":",
    "3137": ":",
    "3138": ":",
    "3139": ":",
    "3153": ":",
    "3155": ":",
    "3156": ":",
    "3157": ":",
    "3158": ":",
    "3159": ":",
    "3160": ":",
    "3161": ":",
    "3272": "b",
    "3348": ":",
    "3349": ":",
    "3350": ":",
    "3351": ":",
    "3352": ":",
    "3353": ":",
    "3354": ":",
    "3355": ":",
    "3356": ":",
    "3357": ":",
    "3358": ":",
    "3359": ":",
    "3360": ":",
    "3361": ":",
    "3362": ":",
    "3363": ":",
    "3364": ":",
    "3365": ":",
    "3366": ":",
    "3367": ":",
    "3368": ":",
    "3369": ":",
    "3370": ":",
    "3371": ":",
    "3372": ":",
    "3373": ":",
    "3374": ":",
    "3375": ":",
    "3376": ":",
    "3377": ":",
    "3378": ":",
    "3379": ":",
    "3380": ":",
    "3381": ":",
    "3382": ":",
    "3383": ":",
    "3384": ":",
    "3385": ":",
    "3386": ":",
    "3387": ":",
    "3388": ":",
    "3389": ":",
    "3390": ":",
    "3391": ":",
    "3398": ":",
    "3402": ":",
    "3403": ":",
    "3404": ":",
    "3405": ":",
    "3407": ":",
    "3408": ":",
    "3409": ":",
    "3451": "b",
    "3472": ":",
    "3473": ":",
    "3474": ":",
    "3475": ":",
    "3476": ":",
    "3477": ":",
    "3478": ":",
    "3479": ":",
    "3480": ":",
    "3481": ":",
    "3482": ":",
    "3483": ":",
    "3484": ":",
    "3485": ":",
    "3486": ":",
    "3487": ":",
    "3488": ":",
    "3489": ":",
    "3490": ":",
    "3491": ":",
    "3492": ":",
    "3493": ":",
    "3494": ":",
    "3495": ":",
    "3496": ":",
    "3497": ":",
    "3498": ":",
    "3499": ":",
    "3500": ":",
    "3501": ":",
    "3502": ":",
    "3503": ":",
    "3504": ":",
    "3505": ":",
    "3506": ":",
    "3507": ":",
    "3508": ":",
    "3509": ":",
    "3510": ":",
    "3511": ":",
    "3527": "b",
    "3533": "e",
    "3594": "p",
    "3595": ":",
    "3596": ":",
    "3597": ":",
    "3598": ":",
    "3599": ":",
    "3600": ":",
    "3601": ":",
    "3602": ":",
    "3603": ":",
    "3604": ":",
    "3605": ":",
    "3606": ":",
    "3607": ":",
    "3608": ":",
    "3609": ":",
    "3610": ":",
    "3611": ":",
    "3612": ":",
    "3613": ":",
    "3614": ":",
    "3615": ":",
    "3616": ":",
    "3617": ":",
    "3618": ":",
    "3619": ":",
    "3620": ":",
    "3621": ":",
    "3622": ":",
    "3623": ":",
    "3624": ":",
    "3625": ":",
    "3626": ":",
    "3627": ":",
    "3628": ":",
    "3629": ":",
    "3630": ":",
    "3631": ":",
    "3632": ":",
    "3633": ":",
    "3634": ":",
    "3635": ":",
    "3636": ":",
    "3637": ":",
    "3638": ":",
    "3647": "b",
    "3648": ":p",
    "3649": ":",
    "3650": ":",
    "3651": ":",
    "3652": "p",
    "3657": ":"
  },
  "extension": {
    "datasetId": "demo_pjan",
    "lang": "EN",
    "description": null,
    "subTitle": null,
    "status": {
      "label": {
        ":": "not available",
        "e": "estimated",
        "b": "break in time series",
        "p": "provisional"
      }
    }
  },
  "class": "dataset",
  "value": {
    "26": 44593,
    "27": 46976,
    "28": 48451,
    "29": 50528,
    "30": 50887,
    "31": 54507,
    "32": 59048,
    "33": 61599,
    "34": 65226,
    "35": 64311,
    "36": 63859,
    "37": 64479,
    "38": 65306,
    "39": 65877,
    "40": 65971,
    "41": 65844,
    "42": 66334,
    "43": 67159,
    "44": 72320,
    "45": 76875,
    "46": 78549,
    "47": 81222,
    "48": 83137,
    "49": 84484,
    "50": 84082,
    "51": 78115,
    "52": 78115,
    "53": 76246,
    "59": 76177,
    "62": 1583800,
    "63": 1633800,
    "64": 1685800,
    "65": 1736838,
    "66": 1788404,
    "67": 1839866,
    "68": 1889715,
    "69": 1939430,
    "70": 1991765,
    "71": 2052778,
    "72": 2110612,
    "73": 2160345,
    "74": 2215361,
    "75": 2270891,
    "76": 2322613,
    "77": 2377635,
    "78": 2432027,
    "79": 2485025,
    "80": 2542066,
    "81": 2590466,
    "82": 2645198,
    "83": 2698795,
    "84": 2753316,
    "85": 2815239,
    "86": 2872681,
    "87": 2936177,
    "88": 2993347,
    "89": 3051923,
    "90": 3115286,
    "91": 3169386,
    "92": 3286500,
    "93": 3259814,
    "94": 3190103,
    "95": 3167478,
    "96": 3220310,
    "97": 3248836,
    "98": 3283000,
    "99": 3324317,
    "100": 3354341,
    "101": 3373445,
    "102": 3058497,
    "103": 3063318,
    "104": 3057018,
    "105": 3044993,
    "106": 3034231,
    "107": 3019634,
    "108": 3003329,
    "109": 2981755,
    "110": 2958266,
    "111": 2936355,
    "112": 2918674,
    "113": 2907361,
    "114": 2903008,
    "115": 2897770,
    "116": 2892394,
    "117": 2885796,
    "118": 2875592,
    "119": 2876591,
    "120": 2870324,
    "121": 2862427,
    "122": 2845955,
    "123": 2829741,
    "164": 3226900,
    "165": 3215300,
    "166": 3212900,
    "167": 3210300,
    "168": 3212200,
    "169": 3215800,
    "170": 3219234,
    "171": 3222953,
    "172": 3230086,
    "173": 3237976,
    "174": 3249482,
    "175": 3262650,
    "176": 3274285,
    "179": 3010598,
    "180": 2998577,
    "181": 2986151,
    "182": 2972732,
    "183": 2965269,
    "184": 2959694,
    "185": 2963251,
    "186": 7030385,
    "187": 7064693,
    "188": 7107904,
    "189": 7151824,
    "190": 7199798,
    "191": 7247804,
    "192": 7293973,
    "193": 7350159,
    "194": 7403837,
    "195": 7426968,
    "196": 7455142,
    "197": 7479030,
    "198": 7521933,
    "199": 7566469,
    "200": 7605760,
    "201": 7592316,
    "202": 7565489,
    "203": 7565561,
    "204": 7571299,
    "205": 7553310,
    "206": 7545539,
    "207": 7553326,
    "208": 7584094,
    "209": 7564185,
    "210": 7559635,
    "211": 7563233,
    "212": 7566736,
    "213": 7572852,
    "214": 7576319,
    "215": 7594315,
    "216": 7644818,
    "217": 7710882,
    "218": 7798899,
    "219": 7882519,
    "220": 7928746,
    "221": 7943489,
    "222": 7953067,
    "223": 7964966,
    "224": 7971116,
    "225": 7982461,
    "226": 8002186,
    "227": 8020946,
    "228": 8063640,
    "229": 8100273,
    "230": 8142573,
    "231": 8201359,
    "232": 8254298,
    "233": 8282984,
    "234": 8307989,
    "235": 8335003,
    "236": 8351643,
    "237": 8375164,
    "238": 8408121,
    "239": 8451860,
    "240": 8507786,
    "241": 8584926,
    "242": 8700471,
    "243": 8772865,
    "244": 8822267,
    "245": 8858775,
    "246": 8901064,
    "247": 8932664,
    "288": 8016200,
    "289": 8081000,
    "290": 8141400,
    "291": 8202500,
    "292": 8265700,
    "293": 8347300,
    "294": 8436400,
    "295": 8532700,
    "296": 8629900,
    "297": 8896900,
    "298": 8997586,
    "299": 9111078,
    "300": 9235085,
    "301": 9356483,
    "302": 9477119,
    "303": 9593038,
    "304": 9705643,
    "305": 9809981,
    "306": 9898085,
    "307": 9981457,
    "308": 10067108,
    "309": 10119133,
    "310": 3212349,
    "311": 3265629,
    "312": 3329909,
    "313": 3406130,
    "314": 3480448,
    "315": 3553053,
    "316": 3627922,
    "317": 3700916,
    "318": 3767185,
    "319": 3734546,
    "320": 3685694,
    "321": 3731216,
    "322": 3789131,
    "323": 3845048,
    "324": 3898064,
    "325": 3950628,
    "326": 4004830,
    "327": 4059247,
    "328": 4110203,
    "329": 4157746,
    "330": 4136941,
    "331": 4114030,
    "332": 4158361,
    "333": 4203208,
    "334": 4248746,
    "335": 4293863,
    "336": 4337350,
    "337": 4379545,
    "338": 4421373,
    "339": 4461498,
    "340": 4499203,
    "341": 4517921,
    "347": 3727439,
    "348": 3549736,
    "350": 3753085,
    "351": 3789717,
    "352": 3813167,
    "353": 3830349,
    "354": 3837414,
    "355": 3842532,
    "356": 3842650,
    "357": 3844017,
    "358": 3843846,
    "359": 3843998,
    "360": 3844046,
    "361": 3843183,
    "362": 3839265,
    "372": 9128824,
    "373": 9178154,
    "374": 9189741,
    "375": 9251414,
    "376": 9328126,
    "377": 9428100,
    "378": 9499234,
    "379": 9556380,
    "380": 9605601,
    "381": 9631910,
    "382": 9660154,
    "383": 9650944,
    "384": 9695379,
    "385": 9726850,
    "386": 9756590,
    "387": 9788248,
    "388": 9813152,
    "389": 9823302,
    "390": 9837413,
    "391": 9841654,
    "392": 9855110,
    "393": 9863374,
    "394": 9854589,
    "395": 9858017,
    "396": 9853023,
    "397": 9857721,
    "398": 9858895,
    "399": 9864751,
    "400": 9875716,
    "401": 9927612,
    "402": 9947782,
    "403": 9986975,
    "404": 10021997,
    "405": 10068319,
    "406": 10100631,
    "407": 10130574,
    "408": 10143047,
    "409": 10170226,
    "410": 10192264,
    "411": 10213752,
    "412": 10239085,
    "413": 10263414,
    "414": 10309725,
    "415": 10355844,
    "416": 10396421,
    "417": 10445852,
    "418": 10511382,
    "419": 10584534,
    "420": 10666866,
    "421": 10753080,
    "422": 10839905,
    "423": 11000638,
    "424": 11075889,
    "425": 11137974,
    "426": 11180840,
    "427": 11237274,
    "428": 11311117,
    "429": 11351727,
    "430": 11398589,
    "431": 11455519,
    "432": 11522440,
    "433": 11566041,
    "434": 7829246,
    "435": 7905502,
    "436": 7980734,
    "437": 8045158,
    "438": 8111132,
    "439": 8177547,
    "440": 8230788,
    "441": 8285325,
    "442": 8335126,
    "443": 8404080,
    "444": 8464264,
    "445": 8514883,
    "446": 8557906,
    "447": 8594493,
    "448": 8647440,
    "449": 8710049,
    "450": 8731434,
    "451": 8785763,
    "452": 8822602,
    "453": 8805462,
    "454": 8846417,
    "455": 8876652,
    "456": 8905581,
    "457": 8929332,
    "458": 8950144,
    "459": 8971214,
    "460": 8949880,
    "461": 8966462,
    "462": 8976255,
    "463": 8986636,
    "464": 8767308,
    "465": 8669269,
    "466": 8595465,
    "467": 8484863,
    "468": 8459763,
    "469": 8427418,
    "470": 8384715,
    "471": 8340936,
    "472": 8283200,
    "473": 8230371,
    "474": 8190876,
    "475": 8149468,
    "476": 7868815,
    "477": 7805506,
    "478": 7745147,
    "479": 7688573,
    "480": 7629371,
    "481": 7572673,
    "482": 7518002,
    "483": 7467119,
    "484": 7421766,
    "485": 7369431,
    "486": 7327224,
    "487": 7284552,
    "488": 7245677,
    "489": 7202198,
    "490": 7153784,
    "491": 7101859,
    "492": 7050034,
    "493": 7000039,
    "494": 6951482,
    "495": 6916548,
    "536": 10019480,
    "537": 9990435,
    "538": 9950941,
    "539": 9898590,
    "540": 9849062,
    "541": 9800073,
    "542": 9750540,
    "543": 9714461,
    "544": 9689770,
    "545": 9671912,
    "546": 9480178,
    "547": 9481193,
    "548": 9465150,
    "549": 9463840,
    "550": 9468154,
    "551": 9480868,
    "552": 9498364,
    "553": 9504704,
    "554": 9491823,
    "555": 9475174,
    "558": 5295500,
    "559": 5360153,
    "560": 5508435,
    "561": 5639195,
    "562": 5749299,
    "563": 5829156,
    "564": 5883788,
    "565": 5952216,
    "566": 6031353,
    "567": 6104074,
    "568": 6168700,
    "569": 6193054,
    "570": 6233744,
    "571": 6288168,
    "572": 6326525,
    "573": 6356285,
    "574": 6320978,
    "575": 6284029,
    "576": 6278319,
    "577": 6285156,
    "578": 6303573,
    "579": 6335243,
    "580": 6372904,
    "581": 6409713,
    "582": 6427833,
    "583": 6455896,
    "584": 6484834,
    "585": 6523413,
    "586": 6566799,
    "587": 6619973,
    "588": 6673850,
    "589": 6757188,
    "590": 6842768,
    "591": 6907959,
    "592": 6968570,
    "593": 7019019,
    "594": 7062354,
    "595": 7081346,
    "596": 7096465,
    "597": 7123537,
    "598": 7164444,
    "599": 7204055,
    "600": 7255653,
    "601": 7313853,
    "602": 7364148,
    "603": 7415102,
    "604": 7459128,
    "605": 7508739,
    "606": 7593494,
    "607": 7701856,
    "608": 7785806,
    "609": 7870134,
    "610": 7954662,
    "611": 8039060,
    "612": 8139631,
    "613": 8237666,
    "614": 8327126,
    "615": 8419550,
    "616": 8484130,
    "617": 8544527,
    "618": 8606033,
    "619": 8667088,
    "620": 572000,
    "621": 573566,
    "622": 575900,
    "623": 578900,
    "624": 585500,
    "625": 588400,
    "626": 593200,
    "627": 597100,
    "628": 601800,
    "629": 606800,
    "630": 612000,
    "631": 616900,
    "632": 623100,
    "633": 631778,
    "634": 637800,
    "635": 505700,
    "636": 497879,
    "637": 497600,
    "638": 498000,
    "639": 501300,
    "640": 505800,
    "641": 512300,
    "642": 522845,
    "643": 524623,
    "644": 531518,
    "645": 538397,
    "646": 544605,
    "647": 550888,
    "648": 556584,
    "649": 562693,
    "650": 572655,
    "651": 587141,
    "652": 603069,
    "653": 619231,
    "654": 632944,
    "655": 645399,
    "656": 656333,
    "657": 666313,
    "658": 675215,
    "659": 682862,
    "660": 690497,
    "661": 697549,
    "662": 705539,
    "663": 713720,
    "664": 722893,
    "665": 733067,
    "666": 744013,
    "667": 757916,
    "668": 776333,
    "669": 796930,
    "670": 819140,
    "671": 839751,
    "672": 862011,
    "673": 865878,
    "674": 858000,
    "675": 847008,
    "676": 848319,
    "677": 854802,
    "678": 864236,
    "679": 875899,
    "680": 888005,
    "681": 896005,
    "682": 9637840,
    "683": 9566172,
    "684": 9607129,
    "685": 9642191,
    "686": 9699179,
    "687": 9756429,
    "688": 9802287,
    "689": 9839792,
    "690": 9866006,
    "691": 9886686,
    "692": 9906474,
    "693": 9809667,
    "694": 9843962,
    "695": 9891302,
    "696": 9953230,
    "697": 10023688,
    "698": 10093551,
    "699": 10158327,
    "700": 10215183,
    "701": 10269012,
    "702": 10315669,
    "703": 10292717,
    "704": 10308465,
    "705": 10321186,
    "706": 10326526,
    "707": 10333900,
    "708": 10340335,
    "709": 10344119,
    "710": 10350517,
    "711": 10360034,
    "712": 10362102,
    "713": 10304607,
    "714": 10312548,
    "715": 10325697,
    "716": 10334013,
    "717": 10333161,
    "718": 10321344,
    "719": 10309137,
    "720": 10299125,
    "721": 10289621,
    "722": 10278098,
    "723": 10232027,
    "724": 10201182,
    "725": 10192649,
    "726": 10195347,
    "727": 10198855,
    "728": 10223577,
    "729": 10254233,
    "730": 10343422,
    "731": 10425783,
    "732": 10462088,
    "733": 10486731,
    "734": 10505445,
    "735": 10516125,
    "736": 10512419,
    "737": 10538275,
    "738": 10553843,
    "739": 10578820,
    "740": 10610055,
    "741": 10649800,
    "742": 10693939,
    "743": 10701777,
    "744": 55257088,
    "745": 55958321,
    "746": 56589148,
    "747": 57247246,
    "748": 57864509,
    "749": 58587451,
    "750": 59296591,
    "751": 59792934,
    "752": 59948474,
    "753": 60463033,
    "754": 61194591,
    "755": 61001164,
    "756": 61502503,
    "757": 61809358,
    "758": 62101379,
    "759": 61991475,
    "760": 61644624,
    "761": 61441996,
    "762": 61352745,
    "763": 61321663,
    "764": 61439338,
    "765": 61657952,
    "766": 61712689,
    "767": 61546101,
    "768": 61306669,
    "769": 61049256,
    "770": 61020474,
    "771": 61140461,
    "772": 61238079,
    "773": 61715103,
    "774": 62679035,
    "775": 79753227,
    "776": 80274564,
    "777": 80974632,
    "778": 81338093,
    "779": 81538603,
    "780": 81817499,
    "781": 82012162,
    "782": 82057379,
    "783": 82037011,
    "784": 82163475,
    "785": 82259540,
    "786": 82440309,
    "787": 82536680,
    "788": 82531671,
    "789": 82500849,
    "790": 82437995,
    "791": 82314906,
    "792": 82217837,
    "793": 82002356,
    "794": 81802257,
    "795": 80222065,
    "796": 80327900,
    "797": 80523746,
    "798": 80767463,
    "799": 81197537,
    "800": 82175684,
    "801": 82521653,
    "802": 82792351,
    "803": 83019213,
    "804": 83166711,
    "805": 83155031,
    "806": 72542990,
    "807": 73086809,
    "808": 73668454,
    "809": 74383113,
    "810": 75045592,
    "811": 75591082,
    "812": 76336308,
    "813": 76864314,
    "814": 77038358,
    "815": 77550269,
    "816": 78269095,
    "817": 78069482,
    "818": 78556202,
    "819": 78820701,
    "820": 79052630,
    "821": 78882235,
    "822": 78464873,
    "823": 78209026,
    "824": 78110602,
    "825": 78073038,
    "826": 78179662,
    "827": 78397490,
    "828": 78418324,
    "829": 78248407,
    "830": 78008156,
    "831": 77709213,
    "832": 77660533,
    "833": 77780338,
    "834": 77899502,
    "835": 78389735,
    "836": 79112831,
    "837": 79753227,
    "838": 80274564,
    "839": 80974632,
    "840": 81338093,
    "841": 81538603,
    "842": 81817499,
    "843": 82012162,
    "844": 82057379,
    "845": 82037011,
    "846": 82163475,
    "847": 82259540,
    "848": 82440309,
    "849": 82536680,
    "850": 82531671,
    "851": 82500849,
    "852": 82437995,
    "853": 82314906,
    "854": 82217837,
    "855": 82002356,
    "856": 81802257,
    "857": 80222065,
    "858": 80327900,
    "859": 80523746,
    "860": 80767463,
    "861": 81197537,
    "862": 82175684,
    "863": 82521653,
    "864": 82792351,
    "865": 83019213,
    "866": 83166711,
    "867": 83155031,
    "868": 4565455,
    "869": 4593750,
    "870": 4629624,
    "871": 4665829,
    "872": 4703136,
    "873": 4741008,
    "874": 4777015,
    "875": 4817746,
    "876": 4852962,
    "877": 4876803,
    "878": 4906916,
    "879": 4950598,
    "880": 4975653,
    "881": 5007538,
    "882": 5036184,
    "883": 5054410,
    "884": 5065313,
    "885": 5079879,
    "886": 5096959,
    "887": 5111537,
    "888": 5122065,
    "889": 5123989,
    "890": 5119155,
    "891": 5116464,
    "892": 5112130,
    "893": 5111108,
    "894": 5116273,
    "895": 5124794,
    "896": 5129254,
    "897": 5129778,
    "898": 5135409,
    "899": 5146469,
    "900": 5162126,
    "901": 5180614,
    "902": 5196642,
    "903": 5215718,
    "904": 5251027,
    "905": 5275121,
    "906": 5294860,
    "907": 5313577,
    "908": 5330020,
    "909": 5349212,
    "910": 5368354,
    "911": 5383507,
    "912": 5397640,
    "913": 5411405,
    "914": 5427459,
    "915": 5447084,
    "916": 5475791,
    "917": 5511451,
    "918": 5534738,
    "919": 5560628,
    "920": 5580516,
    "921": 5602628,
    "922": 5627235,
    "923": 5659715,
    "924": 5707251,
    "925": 5748769,
    "926": 5781190,
    "927": 5806081,
    "928": 5822763,
    "929": 5840045,
    "930": 260384692,
    "935": 272477051,
    "940": 282389942,
    "941": 283638201,
    "945": 290585714,
    "946": 291897664,
    "947": 293005775,
    "948": 294187553,
    "949": 295380797,
    "950": 296621806,
    "951": 298004498,
    "952": 298975711,
    "953": 299669586,
    "954": 300100298,
    "955": 300520869,
    "956": 301080275,
    "957": 301854752,
    "958": 302592602,
    "959": 303758312,
    "960": 305147996,
    "961": 306560327,
    "962": 307904205,
    "963": 309418015,
    "964": 310450264,
    "965": 311236281,
    "966": 312064064,
    "967": 312860307,
    "968": 315193283,
    "969": 315837523,
    "970": 316863173,
    "971": 317960133,
    "972": 319364999,
    "973": 321142451,
    "974": 322915089,
    "975": 324786228,
    "976": 326395103,
    "977": 327954596,
    "978": 329884170,
    "979": 331286399,
    "980": 332124448,
    "981": 331520001,
    "982": 332285283,
    "983": 333073061,
    "984": 334820880,
    "985": 335640859,
    "986": 336899429,
    "987": 337693238,
    "988": 338444103,
    "989": 338729883,
    "990": 339615386,
    "991": 339580922,
    "992": 263140292,
    "997": 275430651,
    "1002": 285508883,
    "1003": 286798638,
    "1007": 293874224,
    "1008": 295212458,
    "1009": 296348308,
    "1010": 297555091,
    "1011": 298772287,
    "1012": 300026000,
    "1013": 301426708,
    "1014": 302419395,
    "1015": 303140259,
    "1016": 303600009,
    "1017": 304049567,
    "1018": 304640663,
    "1019": 305452191,
    "1020": 306227897,
    "1021": 307433114,
    "1022": 308841704,
    "1023": 310262295,
    "1024": 311610504,
    "1025": 313111944,
    "1026": 314121560,
    "1027": 314879272,
    "1028": 315679276,
    "1029": 316448320,
    "1030": 318755544,
    "1031": 319373924,
    "1032": 320375247,
    "1033": 321447131,
    "1034": 322819636,
    "1035": 324573948,
    "1036": 326314018,
    "1037": 328141448,
    "1038": 329684938,
    "1039": 331204579,
    "1040": 333096775,
    "1041": 334470255,
    "1042": 335266424,
    "1043": 334572589,
    "1044": 335288924,
    "1045": 336044966,
    "1046": 337764352,
    "1047": 338562121,
    "1048": 339787987,
    "1049": 340541142,
    "1050": 341253004,
    "1051": 341524067,
    "1052": 342409476,
    "1053": 342376602,
    "1054": 1206362,
    "1055": 1216712,
    "1056": 1233441,
    "1057": 1249804,
    "1058": 1267910,
    "1059": 1286262,
    "1060": 1302870,
    "1061": 1314323,
    "1062": 1323569,
    "1063": 1338858,
    "1064": 1351640,
    "1065": 1368511,
    "1066": 1385399,
    "1067": 1399637,
    "1068": 1412265,
    "1069": 1424073,
    "1070": 1434630,
    "1071": 1444522,
    "1072": 1455900,
    "1073": 1464476,
    "1074": 1472190,
    "1075": 1482247,
    "1076": 1493085,
    "1077": 1503743,
    "1078": 1513747,
    "1079": 1523486,
    "1080": 1534076,
    "1081": 1546304,
    "1082": 1558137,
    "1083": 1565662,
    "1084": 1570599,
    "1085": 1567749,
    "1086": 1554878,
    "1087": 1511303,
    "1088": 1476952,
    "1089": 1448075,
    "1090": 1425192,
    "1091": 1405996,
    "1092": 1393074,
    "1093": 1379237,
    "1094": 1401250,
    "1095": 1392720,
    "1096": 1383510,
    "1097": 1375190,
    "1098": 1366250,
    "1099": 1358850,
    "1100": 1350700,
    "1101": 1342920,
    "1102": 1338440,
    "1103": 1335740,
    "1104": 1333290,
    "1105": 1329660,
    "1106": 1325217,
    "1107": 1320174,
    "1108": 1315819,
    "1109": 1314870,
    "1110": 1315944,
    "1111": 1315635,
    "1112": 1319133,
    "1113": 1324820,
    "1114": 1328976,
    "1115": 1330068,
    "1116": 406362168,
    "1121": 424373323,
    "1126": 439557803,
    "1127": 441422518,
    "1131": 451803585,
    "1132": 453994905,
    "1133": 455902582,
    "1134": 457814838,
    "1135": 459595740,
    "1136": 461485332,
    "1137": 463458024,
    "1138": 464962566,
    "1139": 466148393,
    "1140": 467098623,
    "1141": 468111291,
    "1142": 469211748,
    "1143": 470548009,
    "1144": 471804259,
    "1145": 473450476,
    "1146": 474930508,
    "1147": 476594784,
    "1148": 477892012,
    "1149": 479597438,
    "1150": 480868037,
    "1151": 481891130,
    "1152": 482824056,
    "1153": 483673506,
    "1154": 486062046,
    "1155": 486803550,
    "1156": 487551317,
    "1157": 488764781,
    "1158": 489501378,
    "1159": 491260780,
    "1160": 493152394,
    "1161": 495222001,
    "1162": 497099125,
    "1163": 499011219,
    "1164": 501073052,
    "1165": 502934648,
    "1166": 504079494,
    "1167": 503949886,
    "1168": 505113900,
    "1169": 506310838,
    "1170": 508459052,
    "1171": 509827848,
    "1172": 511572077,
    "1173": 512858835,
    "1174": 514058823,
    "1175": 514740891,
    "1176": 516057754,
    "1178": 410489590,
    "1183": 428639503,
    "1188": 443961155,
    "1189": 445843669,
    "1193": 456304312,
    "1194": 458518341,
    "1195": 460451014,
    "1196": 462385547,
    "1197": 464187200,
    "1198": 466083427,
    "1199": 468059493,
    "1200": 469584114,
    "1201": 470795314,
    "1202": 471768210,
    "1203": 472802274,
    "1204": 473923600,
    "1205": 475279050,
    "1206": 476552709,
    "1207": 478212441,
    "1208": 479703064,
    "1209": 481376963,
    "1210": 482487877,
    "1211": 484153209,
    "1212": 485513192,
    "1213": 486550023,
    "1214": 487405223,
    "1215": 488206534,
    "1216": 490598858,
    "1217": 491331010,
    "1218": 492049052,
    "1219": 493060187,
    "1220": 493806872,
    "1221": 495566164,
    "1222": 497458119,
    "1223": 499532862,
    "1224": 501411612,
    "1225": 503324749,
    "1226": 505385019,
    "1227": 507244444,
    "1228": 508382341,
    "1229": 508239743,
    "1230": 509389884,
    "1231": 510572978,
    "1232": 512705861,
    "1233": 514053164,
    "1234": 515762746,
    "1235": 517013048,
    "1236": 518164316,
    "1237": 518817137,
    "1238": 520115919,
    "1240": 9053336,
    "1241": 9148844,
    "1242": 9331154,
    "1243": 9493953,
    "1244": 9635106,
    "1245": 9747502,
    "1246": 9834737,
    "1247": 9937651,
    "1248": 10052847,
    "1249": 10160198,
    "1250": 10256893,
    "1251": 10307543,
    "1252": 10380728,
    "1253": 10469728,
    "1254": 10536393,
    "1255": 10594250,
    "1256": 10581288,
    "1257": 10564446,
    "1258": 10576794,
    "1259": 10601152,
    "1260": 10635230,
    "1261": 10682125,
    "1262": 10738279,
    "1263": 10794141,
    "1264": 10827114,
    "1265": 10869027,
    "1266": 10913300,
    "1267": 10970490,
    "1268": 11040363,
    "1269": 11120759,
    "1270": 11189203,
    "1271": 11291916,
    "1272": 11405515,
    "1273": 11499380,
    "1274": 11588759,
    "1275": 11665036,
    "1276": 11731192,
    "1277": 11775077,
    "1278": 11817765,
    "1279": 11876593,
    "1280": 11954416,
    "1281": 12023715,
    "1282": 12099819,
    "1283": 12188439,
    "1284": 12266469,
    "1285": 12349642,
    "1286": 12434143,
    "1287": 12532713,
    "1288": 12681480,
    "1289": 12856065,
    "1290": 12997529,
    "1291": 13145040,
    "1292": 13296582,
    "1293": 13449030,
    "1294": 13610401,
    "1295": 13770625,
    "1296": 13907998,
    "1297": 14054026,
    "1298": 14166313,
    "1299": 14268108,
    "1300": 14376494,
    "1301": 14466304,
    "1302": 8300399,
    "1303": 8363050,
    "1304": 8433050,
    "1305": 8463416,
    "1306": 8495834,
    "1307": 8525024,
    "1308": 8575642,
    "1309": 8651660,
    "1310": 8716516,
    "1311": 8765014,
    "1312": 8780514,
    "1313": 8805098,
    "1314": 8856974,
    "1315": 8920282,
    "1316": 8937890,
    "1317": 8986153,
    "1318": 9106928,
    "1319": 9269372,
    "1320": 9347586,
    "1321": 9512332,
    "1322": 9584184,
    "1323": 9700826,
    "1324": 9757874,
    "1325": 9821152,
    "1326": 9872102,
    "1327": 9919500,
    "1328": 9949100,
    "1329": 9985326,
    "1330": 10015863,
    "1331": 10058103,
    "1332": 10120892,
    "1333": 10272691,
    "1334": 10367163,
    "1335": 10430958,
    "1336": 10489871,
    "1337": 10535973,
    "1338": 10588332,
    "1339": 10629267,
    "1340": 10693250,
    "1341": 10747768,
    "1342": 10775627,
    "1343": 10835989,
    "1344": 10888274,
    "1345": 10915770,
    "1346": 10940369,
    "1347": 10969912,
    "1348": 11004716,
    "1349": 11036008,
    "1350": 11060937,
    "1351": 11094745,
    "1352": 11119289,
    "1353": 11123392,
    "1354": 11086406,
    "1355": 11003615,
    "1356": 10926807,
    "1357": 10858018,
    "1358": 10783748,
    "1359": 10768193,
    "1360": 10741165,
    "1361": 10724599,
    "1362": 10718565,
    "1363": 10682547,
    "1364": 30327000,
    "1365": 30583000,
    "1366": 30895500,
    "1367": 31151231,
    "1368": 31442070,
    "1369": 31776320,
    "1370": 32132264,
    "1371": 32434123,
    "1372": 32931771,
    "1373": 33294497,
    "1374": 33587610,
    "1375": 34040642,
    "1376": 34408338,
    "1377": 34800600,
    "1378": 35177294,
    "1379": 35569375,
    "1380": 35946425,
    "1381": 36329199,
    "1382": 36694077,
    "1383": 37035719,
    "1384": 37346940,
    "1385": 37635389,
    "1386": 37881873,
    "1387": 38090151,
    "1388": 38252899,
    "1389": 38407829,
    "1390": 38531195,
    "1391": 38638052,
    "1392": 38731578,
    "1393": 38802300,
    "1394": 38853227,
    "1395": 38881416,
    "1396": 39051336,
    "1397": 39264034,
    "1398": 39458489,
    "1399": 39639726,
    "1400": 39808374,
    "1401": 39971329,
    "1402": 40143449,
    "1403": 40303568,
    "1404": 40470182,
    "1405": 40665545,
    "1406": 41035278,
    "1407": 41827838,
    "1408": 42547451,
    "1409": 43296338,
    "1410": 44009971,
    "1411": 44784666,
    "1412": 45668939,
    "1413": 46239273,
    "1414": 46486619,
    "1415": 46667174,
    "1416": 46818219,
    "1417": 46727890,
    "1418": 46512199,
    "1419": 46449565,
    "1420": 46440099,
    "1421": 46528024,
    "1422": 46658447,
    "1423": 46937060,
    "1424": 47332614,
    "1425": 47394223,
    "1426": 402604332,
    "1431": 420454977,
    "1436": 435469610,
    "1437": 437308029,
    "1441": 447565620,
    "1442": 449734595,
    "1443": 451622165,
    "1444": 453516363,
    "1445": 455279744,
    "1446": 457153675,
    "1447": 459111142,
    "1448": 460597191,
    "1449": 461763965,
    "1450": 462699342,
    "1451": 463698160,
    "1452": 464783282,
    "1453": 466100932,
    "1454": 467330695,
    "1455": 468949690,
    "1456": 470415155,
    "1457": 472060056,
    "1458": 473329265,
    "1459": 475006017,
    "1460": 476247848,
    "1461": 477245113,
    "1462": 478155218,
    "1463": 478979775,
    "1464": 481340746,
    "1465": 482050494,
    "1466": 482761345,
    "1467": 483945121,
    "1468": 484657212,
    "1469": 486386194,
    "1470": 488250073,
    "1471": 490287461,
    "1472": 492124110,
    "1473": 493987245,
    "1474": 495985066,
    "1475": 497780439,
    "1476": 498867771,
    "1477": 498674980,
    "1478": 499771980,
    "1479": 500900868,
    "1480": 502988282,
    "1481": 504294889,
    "1482": 505991205,
    "1483": 507224359,
    "1484": 508376640,
    "1485": 509017310,
    "1486": 510287293,
    "1488": 354531754,
    "1493": 370521157,
    "1498": 384326562,
    "1499": 385949080,
    "1503": 395835667,
    "1504": 398037111,
    "1505": 399967581,
    "1506": 401903104,
    "1507": 403662165,
    "1508": 405466907,
    "1509": 407369042,
    "1510": 408894651,
    "1511": 410107692,
    "1512": 411006427,
    "1513": 411907502,
    "1514": 412876239,
    "1515": 414088076,
    "1516": 415218942,
    "1517": 416715205,
    "1518": 418030739,
    "1519": 419504036,
    "1520": 420413536,
    "1521": 421912578,
    "1522": 423104986,
    "1523": 423960534,
    "1524": 424641798,
    "1525": 425273491,
    "1526": 427482962,
    "1527": 427998269,
    "1528": 428473834,
    "1529": 429240746,
    "1530": 429723142,
    "1531": 431190184,
    "1532": 432762039,
    "1533": 434416272,
    "1534": 435816236,
    "1535": 437227496,
    "1536": 438725386,
    "1537": 440047892,
    "1538": 440660421,
    "1539": 439942305,
    "1540": 440552661,
    "1541": 441257711,
    "1542": 442883888,
    "1543": 443666812,
    "1544": 444802830,
    "1545": 445534430,
    "1546": 446208557,
    "1547": 446446444,
    "1548": 447319916,
    "1549": 447007596,
    "1550": 406731754,
    "1555": 424721157,
    "1560": 439872962,
    "1561": 441729180,
    "1565": 452066347,
    "1566": 454258031,
    "1567": 456170597,
    "1568": 458087072,
    "1569": 459871204,
    "1570": 461751770,
    "1571": 463712611,
    "1572": 465218739,
    "1573": 466410886,
    "1574": 467368929,
    "1575": 468389143,
    "1576": 469495134,
    "1577": 470831973,
    "1578": 472079145,
    "1579": 473711655,
    "1580": 475187711,
    "1581": 476842235,
    "1582": 477925130,
    "1583": 479561788,
    "1584": 480893003,
    "1585": 481904006,
    "1586": 482736385,
    "1587": 483512803,
    "1588": 485877558,
    "1589": 486577954,
    "1590": 487259080,
    "1591": 488240527,
    "1592": 488962706,
    "1593": 490691578,
    "1594": 492555798,
    "1595": 494598322,
    "1596": 496436597,
    "1597": 498300775,
    "1598": 500297033,
    "1599": 502090235,
    "1600": 503170618,
    "1601": 502964837,
    "1602": 504047964,
    "1603": 505163008,
    "1604": 507235091,
    "1605": 508520205,
    "1606": 510181874,
    "1607": 511378572,
    "1608": 512482133,
    "1609": 513093556,
    "1612": 4413046,
    "1613": 4446222,
    "1614": 4475787,
    "1615": 4507098,
    "1616": 4539519,
    "1617": 4557567,
    "1618": 4569896,
    "1619": 4591842,
    "1620": 4619645,
    "1621": 4633292,
    "1622": 4614277,
    "1623": 4598336,
    "1624": 4625912,
    "1625": 4653401,
    "1626": 4678761,
    "1627": 4702387,
    "1628": 4720492,
    "1629": 4730836,
    "1630": 4746967,
    "1631": 4758088,
    "1632": 4771292,
    "1633": 4787778,
    "1634": 4812150,
    "1635": 4841715,
    "1636": 4869858,
    "1637": 4893748,
    "1638": 4910664,
    "1639": 4925644,
    "1640": 4938602,
    "1641": 4954359,
    "1642": 4974383,
    "1643": 4998478,
    "1644": 5029002,
    "1645": 5054982,
    "1646": 5077912,
    "1647": 5098754,
    "1648": 5116826,
    "1649": 5132320,
    "1650": 5147349,
    "1651": 5159646,
    "1652": 5171302,
    "1653": 5181115,
    "1654": 5194901,
    "1655": 5206295,
    "1656": 5219732,
    "1657": 5236611,
    "1658": 5255580,
    "1659": 5276955,
    "1660": 5300484,
    "1661": 5326314,
    "1662": 5351427,
    "1663": 5375276,
    "1664": 5401267,
    "1665": 5426674,
    "1666": 5451270,
    "1667": 5471753,
    "1668": 5487308,
    "1669": 5503297,
    "1670": 5513130,
    "1671": 5517919,
    "1672": 5525292,
    "1673": 5533793,
    "1705": 58313439,
    "1706": 58604851,
    "1707": 58885929,
    "1708": 59104320,
    "1709": 59315139,
    "1710": 59522297,
    "1711": 59726386,
    "1712": 59934884,
    "1713": 60158533,
    "1714": 60545022,
    "1715": 60979315,
    "1716": 61424036,
    "1717": 61864088,
    "1718": 62292241,
    "1719": 62772870,
    "1720": 63229635,
    "1721": 63645065,
    "1722": 64007193,
    "1723": 64350226,
    "1724": 64658856,
    "1725": 64978721,
    "1726": 65276983,
    "1727": 65600350,
    "1728": 66165980,
    "1729": 66458153,
    "1730": 66638391,
    "1731": 66809816,
    "1732": 67026224,
    "1733": 67177636,
    "1734": 67320216,
    "1735": 67439599,
    "1736": 45464797,
    "1737": 45903656,
    "1738": 46422000,
    "1739": 47573406,
    "1740": 48059029,
    "1741": 48561800,
    "1742": 48953792,
    "1743": 49373537,
    "1744": 49723072,
    "1745": 50107735,
    "1746": 50528219,
    "1747": 51016234,
    "1748": 51485953,
    "1749": 51915873,
    "1750": 52320725,
    "1751": 52600000,
    "1752": 52798338,
    "1753": 53019005,
    "1754": 53271566,
    "1755": 53481073,
    "1756": 53731387,
    "1757": 54028630,
    "1758": 54335000,
    "1759": 54649984,
    "1760": 54894854,
    "1761": 55157303,
    "1762": 55411238,
    "1763": 55681780,
    "1764": 55966142,
    "1765": 56269810,
    "1766": 56577000,
    "1767": 56840661,
    "1768": 57110533,
    "1769": 57369161,
    "1770": 57565008,
    "1771": 57752535,
    "1772": 57935959,
    "1773": 58116018,
    "1774": 58298962,
    "1775": 58496613,
    "1776": 58858198,
    "1777": 59266572,
    "1778": 59685899,
    "1779": 60101841,
    "1780": 60505421,
    "1781": 60963264,
    "1782": 61399733,
    "1783": 61795238,
    "1784": 62134866,
    "1785": 62465709,
    "1786": 62765235,
    "1787": 63070344,
    "1788": 63375971,
    "1789": 63697865,
    "1838": 4435200,
    "1839": 4401400,
    "1840": 4371500,
    "1841": 4352600,
    "1842": 4315200,
    "1843": 4321500,
    "1844": 4401292,
    "1845": 4394702,
    "1846": 4382070,
    "1847": 4385429,
    "1848": 4436391,
    "1849": 4469250,
    "1850": 4497617,
    "1852": 4490498,
    "1853": 3729500,
    "1854": 3720400,
    "1855": 3718200,
    "1856": 3729633,
    "1857": 3723464,
    "1858": 3716858,
    "1860": 4127422,
    "1861": 4152939,
    "1862": 4181645,
    "1863": 4211778,
    "1864": 4239572,
    "1865": 4266180,
    "1866": 4295665,
    "1867": 4325736,
    "1868": 4351629,
    "1869": 4379627,
    "1870": 4403352,
    "1871": 4421151,
    "1872": 4441399,
    "1873": 4459729,
    "1874": 4480592,
    "1875": 4500727,
    "1876": 4523436,
    "1877": 4548432,
    "1878": 4570709,
    "1879": 4591460,
    "1880": 4598095,
    "1881": 4601469,
    "1882": 4621548,
    "1883": 4646921,
    "1884": 4669587,
    "1885": 4690983,
    "1886": 4711852,
    "1887": 4731041,
    "1888": 4748450,
    "1889": 4761965,
    "1890": 4772556,
    "1891": 4782179,
    "1892": 4595865,
    "1893": 4555771,
    "1894": 4645155,
    "1895": 4658893,
    "1896": 4581167,
    "1897": 4533028,
    "1898": 4536812,
    "1899": 4527460,
    "1900": 4497735,
    "1901": 4295406,
    "1902": 4305494,
    "1903": 4305384,
    "1904": 4305725,
    "1905": 4310861,
    "1906": 4312487,
    "1907": 4313530,
    "1908": 4311967,
    "1909": 4309796,
    "1910": 4302847,
    "1911": 4289857,
    "1912": 4275984,
    "1913": 4262140,
    "1914": 4246809,
    "1915": 4225316,
    "1916": 4190669,
    "1917": 4154213,
    "1918": 4105493,
    "1919": 4076246,
    "1920": 4058165,
    "1921": 4036355,
    "1922": 9961044,
    "1923": 10005980,
    "1924": 10049935,
    "1925": 10071715,
    "1926": 10104179,
    "1927": 10135490,
    "1928": 10160380,
    "1929": 10196926,
    "1930": 10236282,
    "1931": 10275347,
    "1932": 10322099,
    "1933": 10353721,
    "1934": 10381352,
    "1935": 10415626,
    "1936": 10448484,
    "1937": 10508956,
    "1938": 10572094,
    "1939": 10625259,
    "1940": 10670802,
    "1941": 10698841,
    "1942": 10709463,
    "1943": 10712781,
    "1944": 10710914,
    "1945": 10700155,
    "1946": 10678770,
    "1947": 10657420,
    "1948": 10640006,
    "1949": 10621121,
    "1950": 10604360,
    "1951": 10588614,
    "1952": 10374823,
    "1953": 10373153,
    "1954": 10373647,
    "1955": 10365035,
    "1956": 10350010,
    "1957": 10336700,
    "1958": 10321229,
    "1959": 10301247,
    "1960": 10279724,
    "1961": 10253416,
    "1962": 10221644,
    "1963": 10200298,
    "1964": 10174853,
    "1965": 10142362,
    "1966": 10116742,
    "1967": 10097549,
    "1968": 10076581,
    "1969": 10066158,
    "1970": 10045401,
    "1971": 10030975,
    "1972": 10014324,
    "1973": 9985722,
    "1974": 9931925,
    "1975": 9908798,
    "1976": 9877365,
    "1977": 9855571,
    "1978": 9830485,
    "1979": 9797561,
    "1980": 9778371,
    "1981": 9772756,
    "1982": 9769526,
    "1983": 9730772,
    "1984": 2835500,
    "1985": 2821700,
    "1986": 2827100,
    "1987": 2845000,
    "1988": 2860300,
    "1989": 2872800,
    "1990": 2881800,
    "1991": 2895800,
    "1992": 2909100,
    "1993": 2922000,
    "1994": 2943300,
    "1995": 2971200,
    "1996": 3012900,
    "1997": 3060800,
    "1998": 3111100,
    "1999": 3163900,
    "2000": 3215200,
    "2001": 3260900,
    "2002": 3303500,
    "2003": 3354700,
    "2004": 3392800,
    "2005": 3432800,
    "2006": 3473200,
    "2007": 3498400,
    "2008": 3522800,
    "2009": 3542046,
    "2010": 3534117,
    "2011": 3545263,
    "2012": 3534850,
    "2013": 3515048,
    "2014": 3506970,
    "2015": 3520977,
    "2016": 3547492,
    "2017": 3569367,
    "2018": 3583154,
    "2019": 3597617,
    "2020": 3620065,
    "2021": 3654955,
    "2022": 3693386,
    "2023": 3732006,
    "2024": 3777565,
    "2025": 3832783,
    "2026": 3899702,
    "2027": 3964191,
    "2028": 4028851,
    "2029": 4111672,
    "2030": 4208156,
    "2031": 4340118,
    "2032": 4457765,
    "2033": 4521322,
    "2034": 4549428,
    "2035": 4570881,
    "2036": 4589287,
    "2037": 4609779,
    "2038": 4637852,
    "2039": 4677627,
    "2040": 4726286,
    "2041": 4784383,
    "2042": 4830392,
    "2043": 4904240,
    "2044": 4964440,
    "2045": 5006907,
    "2046": 173855,
    "2047": 177292,
    "2048": 180765,
    "2049": 183991,
    "2050": 187314,
    "2051": 190652,
    "2052": 193919,
    "2053": 197221,
    "2054": 200281,
    "2055": 202695,
    "2056": 204042,
    "2057": 204834,
    "2058": 207361,
    "2059": 210912,
    "2060": 213722,
    "2061": 216695,
    "2062": 219262,
    "2063": 221046,
    "2064": 222552,
    "2065": 224522,
    "2066": 226948,
    "2067": 229327,
    "2068": 232182,
    "2069": 235537,
    "2070": 238416,
    "2071": 240606,
    "2072": 242203,
    "2073": 244157,
    "2074": 247561,
    "2075": 251919,
    "2076": 253785,
    "2077": 255866,
    "2078": 259727,
    "2079": 262386,
    "2080": 265064,
    "2081": 266978,
    "2082": 267958,
    "2083": 269874,
    "2084": 272381,
    "2085": 275712,
    "2086": 279049,
    "2087": 283361,
    "2088": 286575,
    "2089": 288471,
    "2090": 290570,
    "2091": 293577,
    "2092": 299891,
    "2093": 307672,
    "2094": 315459,
    "2095": 319368,
    "2096": 317630,
    "2097": 318452,
    "2098": 319575,
    "2099": 321857,
    "2100": 325671,
    "2101": 329100,
    "2102": 332529,
    "2103": 338349,
    "2104": 348450,
    "2105": 356991,
    "2106": 364134,
    "2107": 368792,
    "2108": 50025500,
    "2109": 50373900,
    "2110": 50698800,
    "2111": 51060100,
    "2112": 51443900,
    "2113": 51906800,
    "2114": 52317900,
    "2115": 52720100,
    "2116": 53080900,
    "2117": 53390600,
    "2118": 53685300,
    "2119": 53958400,
    "2120": 54188579,
    "2121": 54574111,
    "2122": 54928700,
    "2123": 55293036,
    "2124": 55588966,
    "2125": 55847553,
    "2126": 56063269,
    "2127": 56247017,
    "2128": 56388480,
    "2129": 56479285,
    "2130": 56524064,
    "2131": 56563031,
    "2132": 56565117,
    "2133": 56588319,
    "2134": 56597823,
    "2135": 56594487,
    "2136": 56609375,
    "2137": 56649201,
    "2138": 56694360,
    "2139": 56744119,
    "2140": 56772923,
    "2141": 56821250,
    "2142": 56842392,
    "2143": 56844408,
    "2144": 56844197,
    "2145": 56876364,
    "2146": 56904379,
    "2147": 56909109,
    "2148": 56923524,
    "2149": 56960692,
    "2150": 56987507,
    "2151": 57130506,
    "2152": 57495900,
    "2153": 57874753,
    "2154": 58064214,
    "2155": 58223744,
    "2156": 58652875,
    "2157": 59000586,
    "2158": 59190143,
    "2159": 59364690,
    "2160": 59394207,
    "2161": 59685227,
    "2162": 60782668,
    "2163": 60795612,
    "2164": 60665551,
    "2165": 60589445,
    "2166": 60483973,
    "2167": 59816673,
    "2168": 59641488,
    "2169": 59257566,
    "2170": 16274,
    "2171": 16628,
    "2172": 17125,
    "2173": 17761,
    "2174": 18425,
    "2175": 19085,
    "2176": 19304,
    "2177": 19916,
    "2178": 20433,
    "2179": 21237,
    "2180": 20930,
    "2181": 21350,
    "2182": 21850,
    "2183": 22414,
    "2184": 23156,
    "2185": 23745,
    "2186": 23947,
    "2187": 24169,
    "2188": 24715,
    "2189": 25340,
    "2190": 25809,
    "2191": 25215,
    "2192": 26130,
    "2193": 26380,
    "2194": 26512,
    "2195": 26680,
    "2196": 27076,
    "2197": 27399,
    "2198": 27714,
    "2199": 28181,
    "2200": 28452,
    "2201": 29032,
    "2202": 29386,
    "2203": 29868,
    "2204": 30310,
    "2205": 30629,
    "2206": 30923,
    "2207": 31143,
    "2208": 31320,
    "2209": 32015,
    "2210": 32426,
    "2211": 32863,
    "2212": 33525,
    "2213": 33863,
    "2214": 34294,
    "2215": 34600,
    "2216": 34905,
    "2217": 35168,
    "2218": 35356,
    "2219": 35589,
    "2220": 35894,
    "2221": 36149,
    "2222": 36475,
    "2223": 36838,
    "2224": 37129,
    "2225": 37366,
    "2226": 37622,
    "2227": 37810,
    "2228": 38114,
    "2229": 38378,
    "2230": 38747,
    "2231": 39055,
    "2232": 2755600,
    "2233": 2801500,
    "2234": 2845600,
    "2235": 2881100,
    "2236": 2916800,
    "2237": 2953600,
    "2238": 2989300,
    "2239": 3026800,
    "2240": 3062000,
    "2241": 3095700,
    "2242": 3118941,
    "2243": 3160437,
    "2244": 3197645,
    "2245": 3229598,
    "2246": 3259277,
    "2247": 3288510,
    "2248": 3314794,
    "2249": 3342533,
    "2250": 3367538,
    "2251": 3391490,
    "2252": 3404194,
    "2253": 3422210,
    "2254": 3443684,
    "2255": 3470673,
    "2256": 3499711,
    "2257": 3528698,
    "2258": 3560388,
    "2259": 3597439,
    "2260": 3635295,
    "2261": 3674802,
    "2262": 3693708,
    "2263": 3701968,
    "2264": 3706299,
    "2265": 3693929,
    "2266": 3671296,
    "2267": 3642991,
    "2268": 3615212,
    "2269": 3588013,
    "2270": 3562261,
    "2271": 3536401,
    "2272": 3512074,
    "2273": 3486998,
    "2274": 3454637,
    "2275": 3431497,
    "2276": 3398929,
    "2277": 3355220,
    "2278": 3289835,
    "2279": 3249983,
    "2280": 3212605,
    "2281": 3183856,
    "2282": 3141976,
    "2283": 3052588,
    "2284": 3003641,
    "2285": 2971905,
    "2286": 2943472,
    "2287": 2921262,
    "2288": 2888558,
    "2289": 2847904,
    "2290": 2808901,
    "2291": 2794184,
    "2292": 2794090,
    "2293": 2795680,
    "2294": 313050,
    "2295": 314889,
    "2296": 318800,
    "2297": 322700,
    "2298": 325500,
    "2299": 330000,
    "2300": 333000,
    "2301": 334790,
    "2302": 335200,
    "2303": 336500,
    "2304": 338507,
    "2305": 339841,
    "2306": 345000,
    "2307": 348200,
    "2308": 352700,
    "2309": 357400,
    "2310": 360500,
    "2311": 360962,
    "2312": 361753,
    "2313": 362261,
    "2314": 363450,
    "2315": 364850,
    "2316": 365600,
    "2317": 365450,
    "2318": 365794,
    "2319": 366202,
    "2320": 367210,
    "2321": 369500,
    "2322": 372000,
    "2323": 374900,
    "2324": 379300,
    "2325": 384400,
    "2326": 389600,
    "2327": 394750,
    "2328": 400200,
    "2329": 405650,
    "2330": 411600,
    "2331": 416850,
    "2332": 422050,
    "2333": 427350,
    "2334": 433600,
    "2335": 439000,
    "2336": 444050,
    "2337": 448300,
    "2338": 454960,
    "2339": 461230,
    "2340": 469086,
    "2341": 476187,
    "2342": 483799,
    "2343": 493500,
    "2344": 502066,
    "2345": 511840,
    "2346": 524853,
    "2347": 537039,
    "2348": 549680,
    "2349": 562958,
    "2350": 576249,
    "2351": 590667,
    "2352": 602005,
    "2353": 613894,
    "2354": 626108,
    "2355": 634730,
    "2356": 2104128,
    "2357": 2137830,
    "2358": 2167531,
    "2359": 2195640,
    "2360": 2226198,
    "2361": 2255048,
    "2362": 2276789,
    "2363": 2289645,
    "2364": 2312795,
    "2365": 2334443,
    "2366": 2351903,
    "2367": 2366424,
    "2368": 2386353,
    "2369": 2404995,
    "2370": 2426642,
    "2371": 2447730,
    "2372": 2464529,
    "2373": 2477449,
    "2374": 2492697,
    "2375": 2503145,
    "2376": 2508761,
    "2377": 2514640,
    "2378": 2524202,
    "2379": 2537958,
    "2380": 2554063,
    "2381": 2570030,
    "2382": 2587716,
    "2383": 2612068,
    "2384": 2641097,
    "2385": 2665770,
    "2386": 2668140,
    "2387": 2658161,
    "2388": 2643000,
    "2389": 2585675,
    "2390": 2540904,
    "2391": 2500580,
    "2392": 2469531,
    "2393": 2444912,
    "2394": 2420789,
    "2395": 2399248,
    "2396": 2381715,
    "2397": 2353384,
    "2398": 2320956,
    "2399": 2299390,
    "2400": 2276520,
    "2401": 2249724,
    "2402": 2227874,
    "2403": 2208840,
    "2404": 2191810,
    "2405": 2162834,
    "2406": 2120504,
    "2407": 2074605,
    "2408": 2044813,
    "2409": 2023825,
    "2410": 2001468,
    "2411": 1986096,
    "2412": 1968957,
    "2413": 1950116,
    "2414": 1934379,
    "2415": 1919968,
    "2416": 1907675,
    "2417": 1893223,
    "2462": 32828,
    "2463": 33085,
    "2520": 3644070,
    "2521": 3635112,
    "2522": 3627812,
    "2523": 3618312,
    "2524": 3607435,
    "2525": 3600436,
    "2526": 3589936,
    "2527": 3581110,
    "2528": 3572703,
    "2529": 3567512,
    "2530": 3563695,
    "2531": 3560430,
    "2532": 3559541,
    "2533": 3559497,
    "2534": 3557634,
    "2535": 3555159,
    "2537": 3550852,
    "2582": 603152,
    "2583": 605988,
    "2584": 608460,
    "2585": 610510,
    "2586": 612214,
    "2587": 613420,
    "2588": 613109,
    "2589": 614624,
    "2590": 615543,
    "2591": 617157,
    "2592": 619001,
    "2593": 619850,
    "2594": 620308,
    "2595": 620893,
    "2596": 621521,
    "2597": 622099,
    "2598": 622218,
    "2599": 622387,
    "2600": 622359,
    "2601": 622182,
    "2602": 621873,
    "2603": 620739,
    "2604": 1384451,
    "2605": 1399403,
    "2606": 1417200,
    "2607": 1438342,
    "2608": 1461522,
    "2609": 1486469,
    "2610": 1512988,
    "2611": 1538694,
    "2612": 1562211,
    "2613": 1589217,
    "2614": 1616769,
    "2615": 1641353,
    "2616": 1666798,
    "2617": 1692113,
    "2618": 1717090,
    "2619": 1742780,
    "2620": 1769890,
    "2621": 1797145,
    "2622": 1823151,
    "2623": 1849388,
    "2624": 1878067,
    "2625": 1904570,
    "2626": 1928856,
    "2627": 1954972,
    "2628": 1980139,
    "2629": 2004709,
    "2630": 2029175,
    "2631": 2052953,
    "2632": 2077056,
    "2633": 2100246,
    "2634": 1873109,
    "2635": 1890872,
    "2636": 1908941,
    "2637": 2061000,
    "2638": 1936741,
    "2639": 1957265,
    "2640": 1971687,
    "2641": 1991398,
    "2642": 2002340,
    "2643": 2012705,
    "2644": 2021578,
    "2645": 2031112,
    "2646": 2038651,
    "2647": 2023654,
    "2648": 2029892,
    "2649": 2035196,
    "2650": 2038514,
    "2651": 2041941,
    "2652": 2045177,
    "2653": 2048619,
    "2654": 2052722,
    "2655": 2057284,
    "2656": 2059794,
    "2657": 2062294,
    "2658": 2065769,
    "2659": 2069172,
    "2660": 2071278,
    "2661": 2073702,
    "2662": 2075301,
    "2663": 2077132,
    "2664": 2076255,
    "2665": 2068808,
    "2666": 327200,
    "2671": 320600,
    "2676": 302500,
    "2677": 302800,
    "2681": 301892,
    "2682": 306551,
    "2683": 304997,
    "2684": 308942,
    "2685": 311421,
    "2686": 315262,
    "2687": 318028,
    "2688": 319936,
    "2689": 331859,
    "2690": 329189,
    "2691": 331997,
    "2692": 340907,
    "2693": 343334,
    "2694": 345636,
    "2695": 349014,
    "2696": 352430,
    "2697": 361908,
    "2698": 365781,
    "2699": 369455,
    "2700": 373161,
    "2701": 376433,
    "2702": 378404,
    "2703": 381405,
    "2704": 384176,
    "2705": 386397,
    "2706": 388759,
    "2707": 391415,
    "2708": 394641,
    "2709": 397296,
    "2710": 399867,
    "2711": 402668,
    "2712": 404999,
    "2713": 405616,
    "2714": 407832,
    "2715": 410926,
    "2716": 414027,
    "2717": 414989,
    "2718": 417546,
    "2719": 422509,
    "2720": 429424,
    "2721": 439691,
    "2722": 450415,
    "2723": 460297,
    "2724": 475701,
    "2725": 493559,
    "2726": 514564,
    "2727": 516100,
    "2728": 11417254,
    "2729": 11556008,
    "2730": 11721416,
    "2731": 11889962,
    "2732": 12041970,
    "2733": 12212269,
    "2734": 12377194,
    "2735": 12535307,
    "2736": 12661095,
    "2737": 12798346,
    "2738": 12957621,
    "2739": 13119430,
    "2740": 13269563,
    "2741": 13387623,
    "2742": 13491020,
    "2743": 13599092,
    "2744": 13733578,
    "2745": 13814495,
    "2746": 13897874,
    "2747": 13985526,
    "2748": 14091014,
    "2749": 14208586,
    "2750": 14285829,
    "2751": 14339551,
    "2752": 14394589,
    "2753": 14453833,
    "2754": 14529430,
    "2755": 14615125,
    "2756": 14714948,
    "2757": 14805240,
    "2758": 14892574,
    "2759": 15010445,
    "2760": 15129150,
    "2761": 15239182,
    "2762": 15341553,
    "2763": 15424122,
    "2764": 15493889,
    "2765": 15567107,
    "2766": 15654192,
    "2767": 15760225,
    "2768": 15863950,
    "2769": 15987075,
    "2770": 16105285,
    "2771": 16192572,
    "2772": 16258032,
    "2773": 16305526,
    "2774": 16334210,
    "2775": 16357992,
    "2776": 16405399,
    "2777": 16485787,
    "2778": 16574989,
    "2779": 16655799,
    "2780": 16730348,
    "2781": 16779575,
    "2782": 16829289,
    "2783": 16900726,
    "2784": 16979120,
    "2785": 17081507,
    "2786": 17181084,
    "2787": 17282163,
    "2788": 17407585,
    "2789": 17475415,
    "2790": 3567707,
    "2791": 3594771,
    "2792": 3624829,
    "2793": 3653006,
    "2794": 3680068,
    "2795": 3708609,
    "2796": 3737726,
    "2797": 3768298,
    "2798": 3800780,
    "2799": 3832192,
    "2800": 3863221,
    "2801": 3888305,
    "2802": 3917773,
    "2803": 3948234,
    "2804": 3972990,
    "2805": 3997525,
    "2806": 4017101,
    "2807": 4035202,
    "2808": 4051208,
    "2809": 4066134,
    "2810": 4078900,
    "2811": 4092340,
    "2812": 4107063,
    "2813": 4122511,
    "2814": 4134353,
    "2815": 4145845,
    "2816": 4159187,
    "2817": 4175521,
    "2818": 4198289,
    "2819": 4220686,
    "2820": 4233116,
    "2821": 4249830,
    "2822": 4273634,
    "2823": 4299167,
    "2824": 4324815,
    "2825": 4348410,
    "2826": 4369957,
    "2827": 4392714,
    "2828": 4417599,
    "2829": 4445329,
    "2830": 4478497,
    "2831": 4503436,
    "2832": 4524066,
    "2833": 4552252,
    "2834": 4577457,
    "2835": 4606363,
    "2836": 4640219,
    "2837": 4681134,
    "2838": 4737171,
    "2839": 4799252,
    "2840": 4858199,
    "2841": 4920305,
    "2842": 4985870,
    "2843": 5051275,
    "2844": 5107970,
    "2845": 5166493,
    "2846": 5210721,
    "2847": 5258317,
    "2848": 5295619,
    "2849": 5328212,
    "2850": 5367580,
    "2851": 5391369,
    "2852": 29479900,
    "2853": 29795000,
    "2854": 30133000,
    "2855": 30484000,
    "2856": 30940000,
    "2857": 31338900,
    "2858": 31551000,
    "2859": 31811000,
    "2860": 32163310,
    "2861": 32426000,
    "2862": 32670600,
    "2863": 32658000,
    "2864": 32909000,
    "2865": 33202300,
    "2866": 33512100,
    "2867": 33845698,
    "2868": 34184700,
    "2869": 34527900,
    "2870": 34850200,
    "2871": 35081000,
    "2872": 35413434,
    "2873": 35734865,
    "2874": 36062309,
    "2875": 36398652,
    "2876": 36744964,
    "2877": 37063303,
    "2878": 37340467,
    "2879": 37571771,
    "2880": 37764318,
    "2881": 37884655,
    "2882": 38038403,
    "2883": 38183160,
    "2884": 38309226,
    "2885": 38418108,
    "2886": 38504707,
    "2887": 38580597,
    "2888": 38609399,
    "2889": 38639341,
    "2890": 38659979,
    "2891": 38666983,
    "2892": 38263303,
    "2893": 38253955,
    "2894": 38242197,
    "2895": 38218531,
    "2896": 38190608,
    "2897": 38173835,
    "2898": 38157055,
    "2899": 38125479,
    "2900": 38115641,
    "2901": 38135876,
    "2902": 38022869,
    "2903": 38062718,
    "2904": 38063792,
    "2905": 38062535,
    "2906": 38017856,
    "2907": 38005614,
    "2908": 37967209,
    "2909": 37972964,
    "2910": 37976687,
    "2911": 37972812,
    "2912": 37958138,
    "2913": 37840001,
    "2914": 8826040,
    "2915": 8889392,
    "2916": 8969240,
    "2917": 9018730,
    "2918": 9041980,
    "2919": 9028750,
    "2920": 8968440,
    "2921": 8893540,
    "2922": 8855500,
    "2923": 8817800,
    "2924": 8697610,
    "2925": 8663252,
    "2926": 8624260,
    "2927": 8636600,
    "2928": 8629600,
    "2929": 8879130,
    "2930": 9307810,
    "2931": 9403810,
    "2932": 9507540,
    "2933": 9608960,
    "2934": 9713570,
    "2935": 9819054,
    "2936": 9883670,
    "2937": 9939871,
    "2938": 9975859,
    "2939": 10016605,
    "2940": 10030621,
    "2941": 10034846,
    "2942": 10025215,
    "2943": 10014005,
    "2944": 9995995,
    "2945": 9970441,
    "2946": 9950029,
    "2947": 9954958,
    "2948": 9974391,
    "2949": 10008659,
    "2950": 10043693,
    "2951": 10084196,
    "2952": 10133758,
    "2953": 10186634,
    "2954": 10249022,
    "2955": 10330774,
    "2956": 10394669,
    "2957": 10444592,
    "2958": 10473050,
    "2959": 10494672,
    "2960": 10511988,
    "2961": 10532588,
    "2962": 10553339,
    "2963": 10563014,
    "2964": 10573479,
    "2965": 10572721,
    "2966": 10542398,
    "2967": 10487289,
    "2968": 10427301,
    "2969": 10374822,
    "2970": 10341330,
    "2971": 10309573,
    "2972": 10291027,
    "2973": 10276617,
    "2974": 10295909,
    "2975": 10298252,
    "2976": 18319210,
    "2977": 18494600,
    "2978": 18615900,
    "2979": 18737200,
    "2980": 18858500,
    "2981": 18979752,
    "2982": 19083400,
    "2983": 19347500,
    "2984": 19720984,
    "2985": 19878678,
    "2986": 20139603,
    "2987": 20361192,
    "2988": 20561942,
    "2989": 20753972,
    "2990": 20917390,
    "2991": 21141468,
    "2992": 21445698,
    "2993": 21657569,
    "2994": 21854622,
    "2995": 22048305,
    "2996": 22132670,
    "2997": 22281894,
    "2998": 22424246,
    "2999": 22527235,
    "3000": 22593720,
    "3001": 22687374,
    "3002": 22778624,
    "3003": 22895058,
    "3004": 23003802,
    "3005": 23111521,
    "3006": 23211395,
    "3007": 23192274,
    "3008": 22810035,
    "3009": 22778533,
    "3010": 22748027,
    "3011": 22712394,
    "3012": 22656145,
    "3013": 22581862,
    "3014": 22526093,
    "3015": 22488595,
    "3016": 22455485,
    "3017": 22430457,
    "3018": 21833483,
    "3019": 21627509,
    "3020": 21521142,
    "3021": 21382354,
    "3022": 21257016,
    "3023": 21130503,
    "3024": 20635460,
    "3025": 20440290,
    "3026": 20294683,
    "3027": 20199059,
    "3028": 20095996,
    "3029": 20020074,
    "3030": 19947311,
    "3031": 19870647,
    "3032": 19760585,
    "3033": 19643949,
    "3034": 19533481,
    "3035": 19414458,
    "3036": 19328838,
    "3037": 19186201,
    "3077": 7552850,
    "3078": 7527952,
    "3079": 7504739,
    "3080": 7502126,
    "3081": 7490918,
    "3082": 7470263,
    "3083": 7456050,
    "3084": 7425487,
    "3085": 7397651,
    "3086": 7365507,
    "3087": 7334937,
    "3088": 7306677,
    "3089": 7251549,
    "3090": 7216649,
    "3091": 7181505,
    "3092": 7146759,
    "3093": 7114393,
    "3094": 7076372,
    "3095": 7040272,
    "3096": 7001444,
    "3097": 6963764,
    "3098": 6926705,
    "3099": 6871547,
    "3140": 146890128,
    "3141": 146303611,
    "3142": 145649334,
    "3143": 145166731,
    "3144": 144168205,
    "3145": 143474219,
    "3146": 142753551,
    "3147": 142220968,
    "3148": 142008838,
    "3149": 141903979,
    "3150": 141914509,
    "3151": 142856536,
    "3152": 143056383,
    "3154": 143666931,
    "3162": 7471345,
    "3163": 7497967,
    "3164": 7542028,
    "3165": 7581148,
    "3166": 7627507,
    "3167": 7695200,
    "3168": 7772506,
    "3169": 7843088,
    "3170": 7892774,
    "3171": 7931772,
    "3172": 8004371,
    "3173": 8081230,
    "3174": 8115438,
    "3175": 8129161,
    "3176": 8143463,
    "3177": 8176447,
    "3178": 8208427,
    "3179": 8236144,
    "3180": 8266936,
    "3181": 8284261,
    "3182": 8303094,
    "3183": 8317967,
    "3184": 8323038,
    "3185": 8327488,
    "3186": 8330577,
    "3187": 8342633,
    "3188": 8358139,
    "3189": 8381519,
    "3190": 8414089,
    "3191": 8458888,
    "3192": 8527039,
    "3193": 8590630,
    "3194": 8644120,
    "3195": 8692013,
    "3196": 8745109,
    "3197": 8816381,
    "3198": 8837496,
    "3199": 8844499,
    "3200": 8847625,
    "3201": 8854322,
    "3202": 8861426,
    "3203": 8882792,
    "3204": 8909128,
    "3205": 8940788,
    "3206": 8975670,
    "3207": 9011392,
    "3208": 9047752,
    "3209": 9113257,
    "3210": 9182927,
    "3211": 9256347,
    "3212": 9340682,
    "3213": 9415570,
    "3214": 9482855,
    "3215": 9555893,
    "3216": 9644864,
    "3217": 9747355,
    "3218": 9851017,
    "3219": 9995153,
    "3220": 10120242,
    "3221": 10230185,
    "3222": 10327589,
    "3223": 10379295,
    "3224": 1580535,
    "3225": 1588904,
    "3226": 1599357,
    "3227": 1607941,
    "3228": 1626000,
    "3229": 1638227,
    "3230": 1660092,
    "3231": 1679717,
    "3232": 1699339,
    "3233": 1709752,
    "3234": 1717995,
    "3235": 1731787,
    "3236": 1744882,
    "3237": 1759584,
    "3238": 1773809,
    "3239": 1778454,
    "3240": 1808707,
    "3241": 1831790,
    "3242": 1852963,
    "3243": 1872133,
    "3244": 1893064,
    "3245": 1909566,
    "3246": 1903495,
    "3247": 1917173,
    "3248": 1927469,
    "3249": 1936839,
    "3250": 1946442,
    "3251": 1985486,
    "3252": 1994066,
    "3253": 1996325,
    "3254": 1996377,
    "3255": 1999945,
    "3256": 1998912,
    "3257": 1994084,
    "3258": 1989408,
    "3259": 1989477,
    "3260": 1990266,
    "3261": 1986989,
    "3262": 1984923,
    "3263": 1978334,
    "3264": 1987755,
    "3265": 1990094,
    "3266": 1994026,
    "3267": 1995033,
    "3268": 1996433,
    "3269": 1997590,
    "3270": 2003358,
    "3271": 2010377,
    "3272": 2010269,
    "3273": 2032362,
    "3274": 2046976,
    "3275": 2050189,
    "3276": 2055496,
    "3277": 2058821,
    "3278": 2061085,
    "3279": 2062874,
    "3280": 2064188,
    "3281": 2065895,
    "3282": 2066880,
    "3283": 2080908,
    "3284": 2095861,
    "3285": 2108977,
    "3286": 3969682,
    "3287": 4166507,
    "3288": 4216827,
    "3289": 4259549,
    "3290": 4304484,
    "3291": 4350198,
    "3292": 4391768,
    "3293": 4431564,
    "3294": 4467170,
    "3295": 4500659,
    "3296": 4536555,
    "3297": 4539890,
    "3298": 4575007,
    "3299": 4618236,
    "3300": 4664653,
    "3301": 4714593,
    "3302": 4763617,
    "3303": 4815396,
    "3304": 4865605,
    "3305": 4914644,
    "3306": 4963301,
    "3307": 4996329,
    "3308": 5035881,
    "3309": 5074316,
    "3310": 5109626,
    "3311": 5144568,
    "3312": 5178967,
    "3313": 5208708,
    "3314": 5236972,
    "3315": 5264220,
    "3316": 5287663,
    "3317": 5310711,
    "3318": 5295877,
    "3319": 5314155,
    "3320": 5336455,
    "3321": 5356207,
    "3322": 5367790,
    "3323": 5378932,
    "3324": 5387650,
    "3325": 5393382,
    "3326": 5398657,
    "3327": 5378783,
    "3328": 5378951,
    "3329": 5374873,
    "3330": 5371875,
    "3331": 5372685,
    "3332": 5372928,
    "3333": 5373180,
    "3334": 5376064,
    "3335": 5382401,
    "3336": 5390410,
    "3337": 5392446,
    "3338": 5404322,
    "3339": 5410836,
    "3340": 5415949,
    "3341": 5421349,
    "3342": 5426252,
    "3343": 5435343,
    "3344": 5443120,
    "3345": 5450421,
    "3346": 5457873,
    "3347": 5459781,
    "3392": 29241,
    "3393": 29673,
    "3394": 29999,
    "3395": 30368,
    "3396": 32054,
    "3397": 31269,
    "3399": 31863,
    "3400": 33376,
    "3401": 33562,
    "3406": 34453,
    "3410": 27119962,
    "3411": 27755078,
    "3412": 28435197,
    "3413": 29162545,
    "3414": 29939582,
    "3415": 30769013,
    "3416": 31499416,
    "3417": 32273630,
    "3418": 33093700,
    "3419": 33961875,
    "3420": 34880611,
    "3421": 35707058,
    "3422": 36582215,
    "3423": 37508880,
    "3424": 38490106,
    "3425": 39529218,
    "3426": 40281507,
    "3427": 41102443,
    "3428": 41996129,
    "3429": 42967253,
    "3430": 44021146,
    "3431": 45023450,
    "3432": 46085508,
    "3433": 47210448,
    "3434": 48401689,
    "3435": 49662958,
    "3436": 50695548,
    "3437": 51791212,
    "3438": 52953586,
    "3439": 54186642,
    "3440": 55494711,
    "3441": 56714051,
    "3442": 57835076,
    "3443": 58958565,
    "3444": 60079060,
    "3445": 61203584,
    "3446": 62337617,
    "3447": 63484661,
    "3448": 64641675,
    "3449": 65786563,
    "3450": 66889425,
    "3451": 64729501,
    "3452": 65603160,
    "3453": 66401851,
    "3454": 67187251,
    "3455": 68010221,
    "3456": 68860539,
    "3457": 69729967,
    "3458": 70586256,
    "3459": 71517100,
    "3460": 72561312,
    "3461": 73722988,
    "3462": 74724269,
    "3463": 75627384,
    "3464": 76667864,
    "3465": 77695904,
    "3466": 78741053,
    "3467": 79814871,
    "3468": 80810525,
    "3469": 82003882,
    "3470": 83154997,
    "3471": 83614362,
    "3512": 49114950,
    "3513": 48663609,
    "3514": 48240902,
    "3515": 47823108,
    "3516": 47442079,
    "3517": 47100462,
    "3518": 46749170,
    "3519": 46465691,
    "3520": 46192309,
    "3521": 45963359,
    "3522": 45782592,
    "3523": 45598179,
    "3524": 45453282,
    "3525": 45372692,
    "3526": 45245894,
    "3527": 42759661,
    "3528": 42590879,
    "3529": 42414905,
    "3530": 42216766,
    "3531": 41983564,
    "3532": 41732779,
    "3533": 41418717,
    "3534": 52200000,
    "3535": 52600000,
    "3536": 53000000,
    "3537": 53500000,
    "3538": 53800000,
    "3539": 54200000,
    "3540": 54496100,
    "3541": 54800900,
    "3542": 55086300,
    "3543": 55337100,
    "3544": 55546400,
    "3545": 55780100,
    "3546": 56012345,
    "3547": 56159785,
    "3548": 56229268,
    "3549": 56230680,
    "3550": 56220920,
    "3551": 56203016,
    "3552": 56183968,
    "3553": 56209039,
    "3554": 56284863,
    "3555": 56343569,
    "3556": 56324088,
    "3557": 56303194,
    "3558": 56362502,
    "3559": 56481641,
    "3560": 56618895,
    "3561": 56743897,
    "3562": 56860203,
    "3563": 56996450,
    "3564": 57156972,
    "3565": 57338199,
    "3566": 57511594,
    "3567": 57649210,
    "3568": 57788017,
    "3569": 57943472,
    "3570": 58094587,
    "3571": 58239312,
    "3572": 58394596,
    "3573": 58579685,
    "3574": 58785246,
    "3575": 58999781,
    "3576": 59239564,
    "3577": 59501394,
    "3578": 59793759,
    "3579": 60182050,
    "3580": 60620361,
    "3581": 61073279,
    "3582": 61571647,
    "3583": 62042343,
    "3584": 62510197,
    "3585": 63022532,
    "3586": 63495088,
    "3587": 63905342,
    "3588": 64351203,
    "3589": 64853393,
    "3590": 65379044,
    "3591": 65844142,
    "3592": 66273576,
    "3593": 66647112,
    "3594": 67025542,
    "3639": 1985000,
    "3640": 2016000,
    "3641": 2041000,
    "3642": 2100000,
    "3643": 2126708,
    "3644": 2153139,
    "3645": 2180686,
    "3646": 2208107,
    "3647": 1794180,
    "3652": 1771604,
    "3653": 1783531,
    "3654": 1798506,
    "3655": 1795666,
    "3656": 1782115
  },
  "dimension": {
    "unit": {
      "label": "unit",
      "category": { "index": { "NR": 0 }, "label": { "NR": "Number" } }
    },
    "age": {
      "label": "age",
      "category": { "index": { "TOTAL": 0 }, "label": { "TOTAL": "Total" } }
    },
    "sex": {
      "label": "sex",
      "category": { "index": { "T": 0 }, "label": { "T": "Total" } }
    },
    "geo": {
      "label": "geo",
      "category": {
        "index": {
          "AD": 0,
          "AL": 1,
          "AM": 2,
          "AT": 3,
          "AZ": 4,
          "BA": 5,
          "BE": 6,
          "BG": 7,
          "BY": 8,
          "CH": 9,
          "CY": 10,
          "CZ": 11,
          "DE": 12,
          "DE_TOT": 13,
          "DK": 14,
          "EA18": 15,
          "EA19": 16,
          "EE": 17,
          "EEA30_2007": 18,
          "EEA31": 19,
          "EFTA": 20,
          "EL": 21,
          "ES": 22,
          "EU27_2007": 23,
          "EU27_2020": 24,
          "EU28": 25,
          "FI": 26,
          "FR": 27,
          "FX": 28,
          "GE": 29,
          "HR": 30,
          "HU": 31,
          "IE": 32,
          "IS": 33,
          "IT": 34,
          "LI": 35,
          "LT": 36,
          "LU": 37,
          "LV": 38,
          "MC": 39,
          "MD": 40,
          "ME": 41,
          "MK": 42,
          "MT": 43,
          "NL": 44,
          "NO": 45,
          "PL": 46,
          "PT": 47,
          "RO": 48,
          "RS": 49,
          "RU": 50,
          "SE": 51,
          "SI": 52,
          "SK": 53,
          "SM": 54,
          "TR": 55,
          "UA": 56,
          "UK": 57,
          "XK": 58
        },
        "label": {
          "AD": "Andorra",
          "AL": "Albania",
          "AM": "Armenia",
          "AT": "Austria",
          "AZ": "Azerbaijan",
          "BA": "Bosnia and Herzegovina",
          "BE": "Belgium",
          "BG": "Bulgaria",
          "BY": "Belarus",
          "CH": "Switzerland",
          "CY": "Cyprus",
          "CZ": "Czechia",
          "DE": "Germany (until 1990 former territory of the FRG)",
          "DE_TOT": "Germany including former GDR",
          "DK": "Denmark",
          "EA18": "Euro area - 18 countries (2014)",
          "EA19": "Euro area - 19 countries  (from 2015)",
          "EE": "Estonia",
          "EEA30_2007": "European Economic Area (EU27 - 2007-2013 and IS, LI, NO)",
          "EEA31": "European Economic Area (EU28 - 2013-2020 and IS, LI, NO)",
          "EFTA": "European Free Trade Association",
          "EL": "Greece",
          "ES": "Spain",
          "EU27_2007": "European Union - 27 countries (2007-2013)",
          "EU27_2020": "European Union - 27 countries (from 2020)",
          "EU28": "European Union - 28 countries (2013-2020)",
          "FI": "Finland",
          "FR": "France",
          "FX": "France (metropolitan)",
          "GE": "Georgia",
          "HR": "Croatia",
          "HU": "Hungary",
          "IE": "Ireland",
          "IS": "Iceland",
          "IT": "Italy",
          "LI": "Liechtenstein",
          "LT": "Lithuania",
          "LU": "Luxembourg",
          "LV": "Latvia",
          "MC": "Monaco",
          "MD": "Moldova",
          "ME": "Montenegro",
          "MK": "North Macedonia",
          "MT": "Malta",
          "NL": "Netherlands",
          "NO": "Norway",
          "PL": "Poland",
          "PT": "Portugal",
          "RO": "Romania",
          "RS": "Serbia",
          "RU": "Russia",
          "SE": "Sweden",
          "SI": "Slovenia",
          "SK": "Slovakia",
          "SM": "San Marino",
          "TR": "Turkey",
          "UA": "Ukraine",
          "UK": "United Kingdom",
          "XK": "Kosovo (under United Nations Security Council Resolution 1244/99)"
        }
      }
    },
    "time": {
      "label": "time",
      "category": {
        "index": {
          "1960": 0,
          "1961": 1,
          "1962": 2,
          "1963": 3,
          "1964": 4,
          "1965": 5,
          "1966": 6,
          "1967": 7,
          "1968": 8,
          "1969": 9,
          "1970": 10,
          "1971": 11,
          "1972": 12,
          "1973": 13,
          "1974": 14,
          "1975": 15,
          "1976": 16,
          "1977": 17,
          "1978": 18,
          "1979": 19,
          "1980": 20,
          "1981": 21,
          "1982": 22,
          "1983": 23,
          "1984": 24,
          "1985": 25,
          "1986": 26,
          "1987": 27,
          "1988": 28,
          "1989": 29,
          "1990": 30,
          "1991": 31,
          "1992": 32,
          "1993": 33,
          "1994": 34,
          "1995": 35,
          "1996": 36,
          "1997": 37,
          "1998": 38,
          "1999": 39,
          "2000": 40,
          "2001": 41,
          "2002": 42,
          "2003": 43,
          "2004": 44,
          "2005": 45,
          "2006": 46,
          "2007": 47,
          "2008": 48,
          "2009": 49,
          "2010": 50,
          "2011": 51,
          "2012": 52,
          "2013": 53,
          "2014": 54,
          "2015": 55,
          "2016": 56,
          "2017": 57,
          "2018": 58,
          "2019": 59,
          "2020": 60,
          "2021": 61
        },
        "label": {
          "1960": "1960",
          "1961": "1961",
          "1962": "1962",
          "1963": "1963",
          "1964": "1964",
          "1965": "1965",
          "1966": "1966",
          "1967": "1967",
          "1968": "1968",
          "1969": "1969",
          "1970": "1970",
          "1971": "1971",
          "1972": "1972",
          "1973": "1973",
          "1974": "1974",
          "1975": "1975",
          "1976": "1976",
          "1977": "1977",
          "1978": "1978",
          "1979": "1979",
          "1980": "1980",
          "1981": "1981",
          "1982": "1982",
          "1983": "1983",
          "1984": "1984",
          "1985": "1985",
          "1986": "1986",
          "1987": "1987",
          "1988": "1988",
          "1989": "1989",
          "1990": "1990",
          "1991": "1991",
          "1992": "1992",
          "1993": "1993",
          "1994": "1994",
          "1995": "1995",
          "1996": "1996",
          "1997": "1997",
          "1998": "1998",
          "1999": "1999",
          "2000": "2000",
          "2001": "2001",
          "2002": "2002",
          "2003": "2003",
          "2004": "2004",
          "2005": "2005",
          "2006": "2006",
          "2007": "2007",
          "2008": "2008",
          "2009": "2009",
          "2010": "2010",
          "2011": "2011",
          "2012": "2012",
          "2013": "2013",
          "2014": "2014",
          "2015": "2015",
          "2016": "2016",
          "2017": "2017",
          "2018": "2018",
          "2019": "2019",
          "2020": "2020",
          "2021": "2021"
        }
      }
    }
  },
  "id": ["unit", "age", "sex", "geo", "time"],
  "size": [1, 1, 1, 59, 62]
}
