{
  "version": "2.0",
  "label": "Life expectancy by age and sex",
  "href": "http://ec.europa.eu/eurostat/wdds/rest/data/v2.1/json/en/demo_mlexpec?precision=1&sex=T&age=Y1",
  "source": "Eurostat",
  "updated": "2021-04-28",
  "status": {
    "0": ":",
    "1": ":",
    "2": ":",
    "3": ":",
    "4": ":",
    "5": ":",
    "6": ":",
    "7": ":",
    "8": ":",
    "9": ":",
    "10": ":",
    "11": ":",
    "12": ":",
    "13": ":",
    "14": ":",
    "15": ":",
    "16": ":",
    "17": ":",
    "18": ":",
    "19": ":",
    "20": ":",
    "21": ":",
    "22": ":",
    "23": ":",
    "24": ":",
    "25": ":",
    "26": ":",
    "27": ":",
    "28": ":",
    "29": ":",
    "30": ":",
    "31": ":",
    "32": ":",
    "33": ":",
    "34": ":",
    "35": ":",
    "36": ":",
    "37": ":",
    "38": ":",
    "39": ":",
    "40": ":",
    "41": ":",
    "42": ":",
    "43": ":",
    "44": ":",
    "45": ":",
    "46": ":",
    "47": ":",
    "48": ":",
    "49": ":",
    "50": ":",
    "51": ":",
    "52": ":",
    "60": ":",
    "61": ":",
    "62": ":",
    "63": ":",
    "64": ":",
    "65": ":",
    "66": ":",
    "67": ":",
    "68": ":",
    "69": ":",
    "70": ":",
    "71": ":",
    "72": ":",
    "73": ":",
    "74": ":",
    "75": ":",
    "76": ":",
    "77": ":",
    "78": ":",
    "79": ":",
    "80": ":",
    "81": ":",
    "82": ":",
    "83": ":",
    "84": ":",
    "85": ":",
    "86": ":",
    "87": ":",
    "88": ":",
    "89": ":",
    "90": ":",
    "91": ":",
    "92": ":",
    "93": ":",
    "94": ":",
    "95": ":",
    "96": ":",
    "97": ":",
    "98": ":",
    "99": ":",
    "100": ":",
    "101": ":",
    "102": ":",
    "103": ":",
    "104": ":",
    "105": ":",
    "106": ":",
    "111": ":",
    "112": ":",
    "113": ":",
    "114": ":",
    "115": ":",
    "121": ":",
    "122": ":",
    "123": ":",
    "124": ":",
    "125": ":",
    "126": ":",
    "127": ":",
    "128": ":",
    "129": ":",
    "130": ":",
    "131": ":",
    "182": ":",
    "183": ":",
    "184": ":",
    "185": ":",
    "186": ":",
    "187": ":",
    "188": ":",
    "189": ":",
    "190": ":",
    "191": ":",
    "192": ":",
    "193": ":",
    "194": ":",
    "195": ":",
    "196": ":",
    "197": ":",
    "198": ":",
    "199": ":",
    "200": ":",
    "201": ":",
    "202": ":",
    "203": ":",
    "204": ":",
    "205": ":",
    "206": ":",
    "207": ":",
    "208": ":",
    "209": ":",
    "210": ":",
    "211": ":",
    "212": ":",
    "213": ":",
    "214": ":",
    "215": ":",
    "216": ":",
    "217": ":",
    "218": ":",
    "219": ":",
    "220": ":",
    "221": ":",
    "222": ":",
    "223": ":",
    "224": ":",
    "225": ":",
    "226": ":",
    "227": ":",
    "228": ":",
    "234": ":",
    "239": ":",
    "243": ":",
    "295": "b",
    "304": ":",
    "365": ":",
    "366": ":",
    "367": ":",
    "368": ":",
    "369": ":",
    "370": ":",
    "371": ":",
    "372": ":",
    "373": ":",
    "374": ":",
    "375": ":",
    "376": ":",
    "377": ":",
    "378": ":",
    "379": ":",
    "380": ":",
    "381": ":",
    "382": ":",
    "383": ":",
    "384": ":",
    "385": ":",
    "386": ":",
    "387": ":",
    "388": ":",
    "389": ":",
    "390": ":",
    "391": ":",
    "392": ":",
    "393": ":",
    "394": ":",
    "395": ":",
    "396": ":",
    "397": ":",
    "398": ":",
    "399": ":",
    "400": ":",
    "401": ":",
    "402": ":",
    "403": ":",
    "404": ":",
    "405": ":",
    "406": ":",
    "407": ":",
    "408": ":",
    "409": ":",
    "410": ":",
    "411": ":",
    "412": ":",
    "413": ":",
    "414": ":",
    "415": ":",
    "416": ":",
    "425": ":",
    "426": ":",
    "478": "b",
    "487": ":",
    "488": ":",
    "489": ":",
    "490": ":",
    "491": ":",
    "492": ":",
    "493": ":",
    "494": ":",
    "495": ":",
    "496": ":",
    "497": ":",
    "498": ":",
    "499": ":",
    "500": ":",
    "501": ":",
    "502": ":",
    "503": ":",
    "504": ":",
    "505": ":",
    "506": ":",
    "507": ":",
    "508": ":",
    "509": ":",
    "510": ":",
    "511": ":",
    "512": ":",
    "513": ":",
    "514": ":",
    "515": ":",
    "516": ":",
    "517": ":",
    "518": ":",
    "519": ":",
    "520": ":",
    "548": ":",
    "609": ":",
    "610": ":",
    "611": ":",
    "612": ":",
    "613": ":",
    "614": ":",
    "615": ":",
    "616": ":",
    "617": ":",
    "618": ":",
    "619": ":",
    "620": ":",
    "621": ":",
    "622": ":",
    "623": ":",
    "624": ":",
    "625": ":",
    "626": ":",
    "627": ":",
    "628": ":",
    "629": ":",
    "630": ":",
    "631": ":",
    "632": ":",
    "633": ":",
    "634": ":",
    "661": "b",
    "670": ":",
    "722": "b",
    "731": ":",
    "732": ":",
    "733": ":",
    "734": ":",
    "735": ":",
    "736": ":",
    "737": ":",
    "738": ":",
    "739": ":",
    "740": ":",
    "741": ":",
    "742": ":",
    "743": ":",
    "744": ":",
    "745": ":",
    "792": ":",
    "793": ":",
    "794": ":",
    "795": ":",
    "796": ":",
    "797": ":",
    "798": ":",
    "799": ":",
    "800": ":",
    "801": ":",
    "802": ":",
    "803": ":",
    "804": ":",
    "805": ":",
    "806": ":",
    "807": ":",
    "808": ":",
    "809": ":",
    "810": ":",
    "811": ":",
    "812": ":",
    "813": ":",
    "814": ":",
    "815": ":",
    "816": ":",
    "817": ":",
    "818": ":",
    "819": ":",
    "820": ":",
    "821": ":",
    "822": ":",
    "823": ":",
    "824": ":",
    "825": ":",
    "826": ":",
    "827": ":",
    "828": ":",
    "829": ":",
    "830": ":",
    "831": ":",
    "832": ":",
    "833": ":",
    "834": ":",
    "844": "b",
    "845": "b",
    "847": "b",
    "848": "b",
    "850": "b",
    "851": "ep",
    "852": "bep",
    "853": ":",
    "854": ":",
    "855": ":",
    "856": ":",
    "857": ":",
    "858": ":",
    "859": ":",
    "860": ":",
    "861": ":",
    "862": ":",
    "863": ":",
    "864": ":",
    "865": ":",
    "866": ":",
    "867": ":",
    "868": ":",
    "869": ":",
    "870": ":",
    "871": ":",
    "872": ":",
    "873": ":",
    "874": ":",
    "875": ":",
    "876": ":",
    "877": ":",
    "878": ":",
    "879": ":",
    "880": ":",
    "881": ":",
    "882": ":",
    "883": ":",
    "884": ":",
    "885": ":",
    "886": ":",
    "887": ":",
    "888": ":",
    "889": ":",
    "890": ":",
    "891": ":",
    "892": ":",
    "893": ":",
    "894": ":",
    "895": ":",
    "905": "b",
    "906": "b",
    "908": "b",
    "909": "b",
    "911": "b",
    "912": "ep",
    "913": "bep",
    "914": ":",
    "970": "b",
    "975": ":",
    "976": ":",
    "977": ":",
    "978": ":",
    "979": ":",
    "980": ":",
    "981": ":",
    "982": ":",
    "983": ":",
    "984": ":",
    "985": ":",
    "986": ":",
    "987": ":",
    "988": ":",
    "989": ":",
    "990": ":",
    "991": ":",
    "992": ":",
    "993": ":",
    "994": ":",
    "995": ":",
    "996": ":",
    "997": ":",
    "998": ":",
    "999": ":",
    "1000": ":",
    "1001": ":",
    "1002": ":",
    "1003": ":",
    "1004": ":",
    "1005": ":",
    "1006": ":",
    "1007": ":",
    "1008": ":",
    "1009": ":",
    "1010": ":",
    "1011": ":",
    "1012": ":",
    "1013": ":",
    "1014": ":",
    "1015": ":",
    "1016": ":",
    "1017": ":",
    "1026": "b",
    "1027": "b",
    "1028": "b",
    "1030": "b",
    "1031": "b",
    "1033": "b",
    "1034": "ep",
    "1035": ":",
    "1036": ":",
    "1037": ":",
    "1038": ":",
    "1039": ":",
    "1040": ":",
    "1041": ":",
    "1042": ":",
    "1043": ":",
    "1044": ":",
    "1045": ":",
    "1046": ":",
    "1047": ":",
    "1048": ":",
    "1049": ":",
    "1050": ":",
    "1051": ":",
    "1052": ":",
    "1053": ":",
    "1054": ":",
    "1055": ":",
    "1056": ":",
    "1057": ":",
    "1058": ":",
    "1059": ":",
    "1060": ":",
    "1061": ":",
    "1062": ":",
    "1063": ":",
    "1064": ":",
    "1065": ":",
    "1066": ":",
    "1067": ":",
    "1068": ":",
    "1069": ":",
    "1070": ":",
    "1071": ":",
    "1072": ":",
    "1073": ":",
    "1074": ":",
    "1075": ":",
    "1076": ":",
    "1077": ":",
    "1078": ":",
    "1087": "b",
    "1088": "b",
    "1089": "b",
    "1091": "b",
    "1092": "b",
    "1094": "b",
    "1095": "ep",
    "1096": ":",
    "1097": ":",
    "1098": ":",
    "1099": ":",
    "1100": ":",
    "1101": ":",
    "1102": ":",
    "1103": ":",
    "1104": ":",
    "1105": ":",
    "1106": ":",
    "1107": ":",
    "1108": ":",
    "1109": ":",
    "1110": ":",
    "1111": ":",
    "1112": ":",
    "1113": ":",
    "1114": ":",
    "1115": ":",
    "1116": ":",
    "1117": ":",
    "1118": ":",
    "1119": ":",
    "1120": ":",
    "1121": ":",
    "1122": ":",
    "1123": ":",
    "1124": ":",
    "1125": ":",
    "1126": ":",
    "1127": ":",
    "1128": ":",
    "1129": ":",
    "1130": ":",
    "1131": ":",
    "1149": "b",
    "1158": ":",
    "1159": ":",
    "1219": ":",
    "1220": ":",
    "1221": ":",
    "1222": ":",
    "1223": ":",
    "1224": ":",
    "1225": ":",
    "1226": ":",
    "1227": ":",
    "1228": ":",
    "1229": ":",
    "1230": ":",
    "1231": ":",
    "1232": ":",
    "1233": ":",
    "1234": ":",
    "1280": ":",
    "1281": ":",
    "1282": ":",
    "1283": ":",
    "1284": ":",
    "1285": ":",
    "1286": ":",
    "1287": ":",
    "1288": ":",
    "1289": ":",
    "1290": ":",
    "1291": ":",
    "1292": ":",
    "1293": ":",
    "1294": ":",
    "1295": ":",
    "1296": ":",
    "1297": ":",
    "1298": ":",
    "1299": ":",
    "1300": ":",
    "1301": ":",
    "1302": ":",
    "1303": ":",
    "1304": ":",
    "1305": ":",
    "1306": ":",
    "1307": ":",
    "1308": ":",
    "1309": ":",
    "1310": ":",
    "1311": ":",
    "1312": ":",
    "1313": ":",
    "1314": ":",
    "1315": ":",
    "1316": ":",
    "1317": ":",
    "1318": ":",
    "1319": ":",
    "1320": ":",
    "1321": ":",
    "1322": ":",
    "1331": "b",
    "1332": "b",
    "1333": "b",
    "1335": "b",
    "1336": "b",
    "1338": "b",
    "1339": "ep",
    "1340": ":",
    "1341": ":",
    "1342": ":",
    "1343": ":",
    "1344": ":",
    "1345": ":",
    "1346": ":",
    "1347": ":",
    "1348": ":",
    "1349": ":",
    "1350": ":",
    "1351": ":",
    "1352": ":",
    "1353": ":",
    "1354": ":",
    "1355": ":",
    "1356": ":",
    "1357": ":",
    "1358": ":",
    "1359": ":",
    "1360": ":",
    "1361": ":",
    "1362": ":",
    "1363": ":",
    "1364": ":",
    "1365": ":",
    "1366": ":",
    "1367": ":",
    "1368": ":",
    "1369": ":",
    "1370": ":",
    "1371": ":",
    "1372": ":",
    "1373": ":",
    "1374": ":",
    "1375": ":",
    "1376": ":",
    "1377": ":",
    "1378": ":",
    "1379": ":",
    "1380": ":",
    "1381": ":",
    "1382": ":",
    "1383": ":",
    "1392": "b",
    "1393": "b",
    "1394": "b",
    "1396": "b",
    "1397": "b",
    "1399": "b",
    "1400": "ep",
    "1401": "bep",
    "1402": ":",
    "1403": ":",
    "1404": ":",
    "1405": ":",
    "1406": ":",
    "1407": ":",
    "1408": ":",
    "1409": ":",
    "1410": ":",
    "1411": ":",
    "1412": ":",
    "1413": ":",
    "1414": ":",
    "1415": ":",
    "1416": ":",
    "1417": ":",
    "1418": ":",
    "1419": ":",
    "1420": ":",
    "1421": ":",
    "1422": ":",
    "1423": ":",
    "1424": ":",
    "1425": ":",
    "1426": ":",
    "1427": ":",
    "1428": ":",
    "1429": ":",
    "1430": ":",
    "1431": ":",
    "1432": ":",
    "1433": ":",
    "1434": ":",
    "1435": ":",
    "1436": ":",
    "1437": ":",
    "1438": ":",
    "1439": ":",
    "1440": ":",
    "1441": ":",
    "1442": ":",
    "1443": ":",
    "1444": ":",
    "1453": "b",
    "1454": "b",
    "1455": "b",
    "1457": "b",
    "1458": "b",
    "1460": "b",
    "1461": "ep",
    "1462": ":",
    "1463": ":",
    "1464": ":",
    "1465": ":",
    "1466": ":",
    "1467": ":",
    "1468": ":",
    "1469": ":",
    "1470": ":",
    "1471": ":",
    "1472": ":",
    "1473": ":",
    "1474": ":",
    "1475": ":",
    "1476": ":",
    "1477": ":",
    "1478": ":",
    "1479": ":",
    "1480": ":",
    "1481": ":",
    "1482": ":",
    "1483": ":",
    "1524": ":",
    "1525": ":",
    "1526": ":",
    "1527": ":",
    "1528": ":",
    "1529": ":",
    "1530": ":",
    "1531": ":",
    "1532": ":",
    "1533": ":",
    "1534": ":",
    "1535": ":",
    "1536": ":",
    "1537": ":",
    "1538": ":",
    "1539": ":",
    "1540": ":",
    "1541": ":",
    "1542": ":",
    "1543": ":",
    "1544": ":",
    "1545": ":",
    "1546": ":",
    "1547": ":",
    "1548": ":",
    "1549": ":",
    "1550": ":",
    "1551": ":",
    "1552": ":",
    "1553": ":",
    "1554": ":",
    "1555": ":",
    "1556": ":",
    "1557": ":",
    "1558": ":",
    "1559": ":",
    "1560": ":",
    "1561": ":",
    "1562": ":",
    "1577": "b",
    "1579": "b",
    "1583": "p",
    "1584": "p",
    "1585": ":",
    "1586": ":",
    "1587": ":",
    "1588": ":",
    "1589": ":",
    "1590": ":",
    "1591": ":",
    "1592": ":",
    "1593": ":",
    "1594": ":",
    "1595": ":",
    "1596": ":",
    "1597": ":",
    "1598": ":",
    "1599": ":",
    "1600": ":",
    "1601": ":",
    "1602": ":",
    "1603": ":",
    "1604": ":",
    "1605": ":",
    "1606": ":",
    "1607": ":",
    "1608": ":",
    "1609": ":",
    "1610": ":",
    "1611": ":",
    "1639": ":",
    "1640": ":",
    "1641": ":",
    "1642": ":",
    "1643": ":",
    "1644": ":",
    "1645": ":",
    "1646": ":",
    "1647": ":",
    "1648": ":",
    "1649": ":",
    "1650": ":",
    "1651": ":",
    "1652": ":",
    "1653": ":",
    "1654": ":",
    "1655": ":",
    "1656": ":",
    "1657": ":",
    "1658": ":",
    "1659": ":",
    "1660": ":",
    "1661": ":",
    "1662": ":",
    "1663": ":",
    "1664": ":",
    "1665": ":",
    "1666": ":",
    "1667": ":",
    "1668": ":",
    "1669": ":",
    "1670": ":",
    "1671": ":",
    "1672": ":",
    "1673": ":",
    "1674": ":",
    "1675": ":",
    "1676": ":",
    "1677": ":",
    "1678": ":",
    "1679": ":",
    "1680": ":",
    "1681": ":",
    "1682": ":",
    "1683": ":",
    "1684": ":",
    "1685": ":",
    "1686": ":",
    "1687": ":",
    "1688": ":",
    "1689": ":",
    "1690": ":",
    "1691": ":",
    "1692": ":",
    "1699": ":",
    "1700": ":",
    "1707": ":",
    "1708": ":",
    "1709": ":",
    "1710": ":",
    "1711": ":",
    "1712": ":",
    "1713": ":",
    "1714": ":",
    "1715": ":",
    "1716": ":",
    "1717": ":",
    "1718": ":",
    "1719": ":",
    "1720": ":",
    "1721": ":",
    "1722": ":",
    "1723": ":",
    "1724": ":",
    "1725": ":",
    "1726": ":",
    "1727": ":",
    "1728": ":",
    "1729": ":",
    "1730": ":",
    "1731": ":",
    "1732": ":",
    "1733": ":",
    "1734": ":",
    "1735": ":",
    "1736": ":",
    "1737": ":",
    "1738": ":",
    "1739": ":",
    "1740": ":",
    "1741": ":",
    "1742": ":",
    "1743": ":",
    "1744": ":",
    "1745": ":",
    "1746": ":",
    "1747": ":",
    "1748": ":",
    "1768": ":",
    "1821": "b",
    "1829": ":",
    "1830": ":",
    "1831": ":",
    "1832": ":",
    "1833": ":",
    "1834": ":",
    "1835": ":",
    "1836": ":",
    "1837": ":",
    "1838": ":",
    "1839": ":",
    "1840": ":",
    "1841": ":",
    "1842": ":",
    "1843": ":",
    "1844": ":",
    "1845": ":",
    "1846": ":",
    "1847": ":",
    "1848": ":",
    "1849": ":",
    "1850": ":",
    "1851": ":",
    "1852": ":",
    "1853": ":",
    "1854": ":",
    "1855": ":",
    "1888": "e",
    "1889": "e",
    "1890": ":",
    "1891": ":",
    "1910": ":",
    "1951": ":",
    "1952": ":",
    "1953": ":",
    "1954": ":",
    "1955": ":",
    "1956": ":",
    "1957": ":",
    "1958": ":",
    "1959": ":",
    "1960": ":",
    "1961": ":",
    "1962": ":",
    "1963": ":",
    "1964": ":",
    "1965": ":",
    "1966": ":",
    "1967": ":",
    "1968": ":",
    "1969": ":",
    "1970": ":",
    "1971": ":",
    "1972": ":",
    "1973": ":",
    "1974": ":",
    "1975": ":",
    "1976": ":",
    "2011": "b",
    "2012": ":",
    "2013": ":",
    "2014": ":",
    "2015": ":",
    "2016": ":",
    "2017": ":",
    "2018": ":",
    "2019": ":",
    "2020": ":",
    "2021": ":",
    "2022": ":",
    "2023": ":",
    "2024": ":",
    "2025": ":",
    "2026": ":",
    "2027": ":",
    "2028": ":",
    "2029": ":",
    "2030": ":",
    "2031": ":",
    "2032": ":",
    "2033": ":",
    "2034": ":",
    "2035": ":",
    "2036": ":",
    "2037": ":",
    "2038": ":",
    "2039": ":",
    "2040": ":",
    "2041": ":",
    "2042": ":",
    "2043": ":",
    "2044": ":",
    "2045": ":",
    "2046": ":",
    "2073": ":",
    "2074": ":",
    "2075": ":",
    "2076": ":",
    "2077": ":",
    "2078": ":",
    "2079": ":",
    "2080": ":",
    "2081": ":",
    "2082": ":",
    "2083": ":",
    "2134": ":",
    "2135": ":",
    "2136": ":",
    "2137": ":",
    "2138": ":",
    "2139": ":",
    "2140": ":",
    "2141": ":",
    "2142": ":",
    "2143": ":",
    "2144": ":",
    "2145": ":",
    "2187": "b",
    "2192": "b",
    "2195": ":",
    "2196": ":",
    "2197": ":",
    "2198": ":",
    "2199": ":",
    "2200": ":",
    "2201": ":",
    "2202": ":",
    "2203": ":",
    "2204": ":",
    "2205": ":",
    "2206": ":",
    "2207": ":",
    "2208": ":",
    "2209": ":",
    "2210": ":",
    "2211": ":",
    "2212": ":",
    "2213": ":",
    "2214": ":",
    "2215": ":",
    "2216": ":",
    "2217": ":",
    "2218": ":",
    "2219": ":",
    "2220": ":",
    "2221": ":",
    "2222": ":",
    "2223": ":",
    "2224": ":",
    "2225": ":",
    "2226": ":",
    "2227": ":",
    "2228": ":",
    "2229": ":",
    "2230": ":",
    "2231": ":",
    "2232": ":",
    "2233": ":",
    "2234": ":",
    "2235": ":",
    "2236": ":",
    "2237": ":",
    "2256": ":",
    "2257": ":",
    "2258": ":",
    "2259": ":",
    "2260": ":",
    "2261": ":",
    "2262": ":",
    "2263": ":",
    "2264": ":",
    "2265": ":",
    "2266": ":",
    "2267": ":",
    "2268": ":",
    "2269": ":",
    "2270": ":",
    "2271": ":",
    "2272": ":",
    "2273": ":",
    "2274": ":",
    "2275": ":",
    "2276": ":",
    "2277": ":",
    "2278": ":",
    "2279": ":",
    "2280": ":",
    "2281": ":",
    "2282": ":",
    "2283": ":",
    "2284": ":",
    "2285": ":",
    "2286": ":",
    "2287": ":",
    "2288": ":",
    "2289": ":",
    "2290": ":",
    "2291": ":",
    "2292": ":",
    "2293": ":",
    "2294": ":",
    "2295": ":",
    "2296": ":",
    "2297": ":",
    "2298": ":",
    "2299": ":",
    "2300": ":",
    "2301": ":",
    "2302": ":",
    "2310": ":",
    "2311": ":",
    "2312": ":",
    "2313": ":",
    "2314": ":",
    "2315": ":",
    "2316": ":",
    "2317": ":",
    "2318": ":",
    "2319": ":",
    "2320": ":",
    "2321": ":",
    "2322": ":",
    "2323": ":",
    "2324": ":",
    "2325": ":",
    "2326": ":",
    "2327": ":",
    "2328": ":",
    "2329": ":",
    "2330": ":",
    "2331": ":",
    "2332": ":",
    "2333": ":",
    "2334": ":",
    "2335": ":",
    "2336": ":",
    "2337": ":",
    "2338": ":",
    "2339": ":",
    "2340": ":",
    "2341": ":",
    "2342": ":",
    "2343": ":",
    "2344": ":",
    "2345": ":",
    "2346": ":",
    "2347": ":",
    "2348": ":",
    "2349": ":",
    "2350": ":",
    "2351": ":",
    "2352": ":",
    "2353": ":",
    "2354": ":",
    "2355": ":",
    "2356": ":",
    "2357": ":",
    "2358": ":",
    "2359": ":",
    "2360": ":",
    "2361": ":",
    "2362": ":",
    "2378": ":",
    "2379": ":",
    "2380": ":",
    "2381": ":",
    "2382": ":",
    "2383": ":",
    "2384": ":",
    "2385": ":",
    "2386": ":",
    "2387": ":",
    "2388": ":",
    "2389": ":",
    "2390": ":",
    "2391": ":",
    "2392": ":",
    "2393": ":",
    "2394": ":",
    "2395": ":",
    "2396": ":",
    "2397": ":",
    "2398": ":",
    "2399": ":",
    "2400": ":",
    "2401": ":",
    "2402": ":",
    "2403": ":",
    "2404": ":",
    "2405": ":",
    "2406": ":",
    "2407": ":",
    "2408": ":",
    "2409": ":",
    "2410": ":",
    "2411": ":",
    "2412": ":",
    "2439": ":",
    "2440": ":",
    "2441": ":",
    "2442": ":",
    "2443": ":",
    "2444": ":",
    "2445": ":",
    "2446": ":",
    "2447": ":",
    "2448": ":",
    "2449": ":",
    "2450": ":",
    "2451": ":",
    "2452": ":",
    "2453": ":",
    "2454": ":",
    "2455": ":",
    "2456": ":",
    "2462": ":",
    "2463": ":",
    "2464": ":",
    "2465": ":",
    "2466": ":",
    "2467": ":",
    "2468": ":",
    "2469": ":",
    "2470": ":",
    "2471": ":",
    "2472": ":",
    "2473": ":",
    "2474": ":",
    "2481": "b",
    "2500": ":",
    "2501": ":",
    "2502": ":",
    "2503": ":",
    "2504": ":",
    "2505": ":",
    "2506": ":",
    "2507": ":",
    "2508": ":",
    "2509": ":",
    "2510": ":",
    "2511": ":",
    "2512": ":",
    "2513": ":",
    "2514": ":",
    "2515": ":",
    "2516": ":",
    "2517": ":",
    "2518": ":",
    "2519": ":",
    "2520": ":",
    "2521": ":",
    "2522": ":",
    "2523": ":",
    "2524": ":",
    "2525": ":",
    "2561": ":",
    "2622": ":",
    "2623": ":",
    "2624": ":",
    "2625": ":",
    "2626": ":",
    "2627": ":",
    "2628": ":",
    "2629": ":",
    "2630": ":",
    "2631": ":",
    "2632": ":",
    "2633": ":",
    "2634": ":",
    "2635": ":",
    "2636": ":",
    "2637": ":",
    "2638": ":",
    "2639": ":",
    "2640": ":",
    "2641": ":",
    "2642": ":",
    "2643": ":",
    "2644": ":",
    "2645": ":",
    "2646": ":",
    "2647": ":",
    "2648": ":",
    "2649": ":",
    "2650": ":",
    "2651": ":",
    "2652": ":",
    "2663": "b",
    "2673": "b",
    "2683": ":",
    "2744": ":",
    "2745": ":",
    "2746": ":",
    "2747": ":",
    "2748": ":",
    "2749": ":",
    "2750": ":",
    "2751": ":",
    "2752": ":",
    "2804": "e",
    "2805": ":",
    "2806": ":",
    "2807": ":",
    "2808": ":",
    "2809": ":",
    "2810": ":",
    "2811": ":",
    "2812": ":",
    "2813": ":",
    "2814": ":",
    "2815": ":",
    "2816": ":",
    "2817": ":",
    "2818": ":",
    "2819": ":",
    "2820": ":",
    "2821": ":",
    "2822": ":",
    "2823": ":",
    "2824": ":",
    "2825": ":",
    "2826": ":",
    "2827": ":",
    "2828": ":",
    "2829": ":",
    "2830": ":",
    "2831": ":",
    "2832": ":",
    "2833": ":",
    "2834": ":",
    "2835": ":",
    "2836": ":",
    "2837": ":",
    "2838": ":",
    "2839": ":",
    "2840": ":",
    "2841": ":",
    "2842": ":",
    "2843": ":",
    "2844": ":",
    "2845": ":",
    "2857": "b",
    "2866": ":",
    "2867": ":",
    "2868": ":",
    "2869": ":",
    "2870": ":",
    "2871": ":",
    "2872": ":",
    "2873": ":",
    "2874": ":",
    "2875": ":",
    "2876": ":",
    "2877": ":",
    "2878": ":",
    "2879": ":",
    "2880": ":",
    "2881": ":",
    "2882": ":",
    "2883": ":",
    "2884": ":",
    "2885": ":",
    "2886": ":",
    "2887": ":",
    "2888": ":",
    "2889": ":",
    "2890": ":",
    "2891": ":",
    "2892": ":",
    "2893": ":",
    "2894": ":",
    "2895": ":",
    "2896": ":",
    "2897": ":",
    "2898": ":",
    "2899": ":",
    "2900": ":",
    "2901": ":",
    "2902": ":",
    "2903": ":",
    "2904": ":",
    "2905": ":",
    "2906": ":",
    "2907": ":",
    "2908": ":",
    "2909": ":",
    "2910": ":",
    "2911": ":",
    "2912": ":",
    "2918": ":",
    "2919": ":",
    "2920": ":",
    "2921": ":",
    "2922": ":",
    "2923": ":",
    "2924": ":",
    "2925": ":",
    "2926": ":",
    "2927": ":",
    "2928": ":",
    "2929": ":",
    "2930": ":",
    "2931": ":",
    "2932": ":",
    "2933": ":",
    "2934": ":",
    "2935": ":",
    "2988": ":",
    "2989": ":",
    "2990": ":",
    "2991": ":",
    "2992": ":",
    "2993": ":",
    "2994": ":",
    "2995": ":",
    "2996": ":",
    "2997": ":",
    "2998": ":",
    "2999": ":",
    "3000": ":",
    "3001": ":",
    "3002": ":",
    "3003": ":",
    "3004": ":",
    "3005": ":",
    "3006": ":",
    "3007": ":",
    "3008": ":",
    "3009": ":",
    "3010": ":",
    "3037": "b",
    "3049": ":",
    "3110": ":",
    "3111": ":",
    "3112": ":",
    "3113": ":",
    "3114": ":",
    "3115": ":",
    "3116": ":",
    "3117": ":",
    "3118": ":",
    "3119": ":",
    "3120": ":",
    "3121": ":",
    "3122": ":",
    "3123": ":",
    "3124": ":",
    "3125": ":",
    "3126": ":",
    "3127": ":",
    "3128": ":",
    "3129": ":",
    "3130": ":",
    "3131": ":",
    "3132": ":",
    "3133": ":",
    "3134": ":",
    "3135": ":",
    "3136": ":",
    "3137": ":",
    "3138": ":",
    "3139": ":",
    "3140": ":",
    "3141": ":",
    "3142": ":",
    "3143": ":",
    "3144": ":",
    "3145": ":",
    "3146": ":",
    "3147": ":",
    "3148": ":",
    "3149": ":",
    "3150": ":",
    "3151": ":",
    "3152": ":",
    "3153": ":",
    "3154": ":",
    "3155": ":",
    "3156": ":",
    "3157": ":",
    "3158": ":",
    "3159": ":",
    "3160": ":",
    "3161": ":",
    "3162": ":",
    "3164": ":",
    "3165": ":",
    "3166": ":",
    "3167": ":",
    "3168": ":",
    "3169": ":",
    "3170": ":",
    "3171": ":",
    "3172": ":",
    "3173": ":",
    "3174": ":",
    "3175": ":",
    "3176": ":",
    "3177": ":",
    "3178": ":",
    "3179": ":",
    "3180": ":",
    "3181": ":",
    "3182": ":",
    "3183": ":",
    "3184": ":",
    "3185": ":",
    "3186": ":",
    "3187": ":",
    "3188": ":",
    "3189": ":",
    "3190": ":",
    "3191": ":",
    "3192": ":",
    "3193": ":",
    "3194": ":",
    "3195": ":",
    "3196": ":",
    "3197": ":",
    "3198": ":",
    "3199": ":",
    "3200": ":",
    "3201": ":",
    "3202": ":",
    "3203": ":",
    "3204": ":",
    "3205": ":",
    "3206": ":",
    "3207": ":",
    "3208": ":",
    "3209": ":",
    "3210": ":",
    "3211": ":",
    "3212": ":",
    "3213": ":",
    "3214": ":",
    "3215": ":",
    "3216": ":",
    "3217": ":",
    "3218": ":",
    "3219": ":",
    "3220": ":",
    "3232": ":",
    "3233": ":",
    "3234": ":",
    "3235": ":",
    "3236": ":",
    "3237": ":",
    "3238": ":",
    "3239": ":",
    "3240": ":",
    "3241": ":",
    "3242": ":",
    "3243": ":",
    "3244": ":",
    "3245": ":",
    "3246": ":",
    "3247": ":",
    "3248": ":",
    "3249": ":",
    "3250": ":",
    "3251": ":",
    "3252": ":",
    "3253": ":",
    "3254": ":",
    "3255": ":",
    "3256": ":",
    "3257": ":",
    "3258": ":",
    "3259": ":",
    "3260": ":",
    "3261": ":",
    "3262": ":",
    "3263": ":",
    "3264": ":",
    "3265": ":",
    "3266": ":",
    "3267": ":",
    "3268": ":",
    "3269": ":",
    "3270": ":",
    "3271": ":",
    "3272": ":",
    "3273": ":",
    "3274": ":",
    "3275": ":",
    "3276": ":",
    "3277": ":",
    "3278": ":",
    "3282": ":",
    "3286": ":",
    "3293": ":",
    "3294": ":",
    "3295": ":",
    "3296": ":",
    "3297": ":",
    "3298": ":",
    "3299": ":",
    "3300": ":",
    "3301": ":",
    "3302": ":",
    "3303": ":",
    "3304": ":",
    "3305": ":",
    "3306": ":",
    "3307": ":",
    "3308": ":",
    "3309": ":",
    "3310": ":",
    "3311": ":",
    "3312": ":",
    "3313": ":",
    "3314": ":",
    "3315": ":",
    "3316": ":",
    "3317": ":",
    "3318": ":",
    "3319": ":",
    "3320": ":",
    "3321": ":",
    "3322": ":",
    "3323": ":",
    "3324": ":",
    "3325": ":",
    "3326": ":",
    "3353": ":",
    "3354": ":",
    "3355": ":",
    "3356": ":",
    "3357": ":",
    "3358": ":",
    "3359": ":",
    "3360": ":",
    "3361": ":",
    "3362": ":",
    "3363": ":",
    "3364": ":",
    "3365": ":",
    "3366": ":",
    "3367": ":",
    "3368": ":",
    "3369": ":",
    "3370": ":",
    "3371": ":",
    "3372": ":",
    "3373": ":",
    "3374": ":",
    "3375": ":",
    "3376": ":",
    "3377": ":",
    "3378": ":",
    "3379": ":",
    "3380": ":",
    "3381": ":",
    "3382": ":",
    "3383": ":",
    "3384": ":",
    "3385": ":",
    "3386": ":",
    "3387": ":",
    "3388": ":",
    "3389": ":",
    "3390": ":",
    "3391": ":",
    "3392": ":",
    "3393": ":",
    "3394": ":",
    "3395": ":",
    "3396": ":",
    "3397": ":",
    "3398": ":",
    "3399": ":",
    "3400": ":",
    "3401": ":",
    "3402": ":",
    "3403": ":",
    "3404": ":",
    "3405": ":",
    "3406": ":",
    "3407": ":",
    "3408": ":",
    "3409": ":",
    "3410": ":",
    "3411": "p",
    "3412": ":",
    "3413": ":",
    "3414": ":",
    "3415": ":"
  },
  "extension": {
    "datasetId": "demo_mlexpec",
    "lang": "EN",
    "description": null,
    "subTitle": null,
    "status": {
      "label": {
        ":": "not available",
        "b": "break in time series",
        "e": "estimated",
        "p": "provisional"
      }
    }
  },
  "class": "dataset",
  "value": {
    "53": 77.6,
    "54": 77.8,
    "55": 77.5,
    "56": 78.2,
    "57": 78.1,
    "58": 78.6,
    "59": 78.9,
    "107": 73.0,
    "108": 73.5,
    "109": 73.4,
    "110": 73.5,
    "116": 74.7,
    "117": 74.7,
    "118": 75.5,
    "119": 76.3,
    "120": 76.1,
    "132": 70.9,
    "133": 71.2,
    "134": 71.4,
    "135": 71.9,
    "136": 71.9,
    "137": 71.8,
    "138": 72.1,
    "139": 72.4,
    "140": 72.3,
    "141": 72.7,
    "142": 72.8,
    "143": 73.0,
    "144": 73.2,
    "145": 73.1,
    "146": 73.7,
    "147": 73.9,
    "148": 74.3,
    "149": 74.7,
    "150": 75.1,
    "151": 75.2,
    "152": 75.4,
    "153": 75.5,
    "154": 75.7,
    "155": 75.8,
    "156": 76.1,
    "157": 76.3,
    "158": 76.5,
    "159": 76.9,
    "160": 77.3,
    "161": 77.4,
    "162": 77.7,
    "163": 78.2,
    "164": 78.2,
    "165": 78.1,
    "166": 78.7,
    "167": 78.9,
    "168": 79.4,
    "169": 79.6,
    "170": 79.9,
    "171": 79.8,
    "172": 80.1,
    "173": 80.4,
    "174": 80.3,
    "175": 80.5,
    "176": 80.9,
    "177": 80.6,
    "178": 81.0,
    "179": 81.0,
    "180": 81.0,
    "181": 81.2,
    "229": 72.5,
    "230": 72.7,
    "231": 73.5,
    "232": 73.7,
    "233": 73.4,
    "235": 73.9,
    "236": 74.5,
    "237": 74.5,
    "238": 75.2,
    "240": 75.4,
    "241": 75.8,
    "242": 76.5,
    "244": 70.9,
    "245": 71.6,
    "246": 71.2,
    "247": 71.0,
    "248": 71.6,
    "249": 71.3,
    "250": 71.5,
    "251": 71.7,
    "252": 71.2,
    "253": 71.3,
    "254": 71.5,
    "255": 71.6,
    "256": 71.8,
    "257": 71.9,
    "258": 72.3,
    "259": 72.2,
    "260": 72.3,
    "261": 72.8,
    "262": 72.7,
    "263": 73.2,
    "264": 73.2,
    "265": 73.5,
    "266": 73.8,
    "267": 73.7,
    "268": 74.2,
    "269": 74.3,
    "270": 74.6,
    "271": 75.2,
    "272": 75.4,
    "273": 75.4,
    "274": 75.8,
    "275": 76.0,
    "276": 76.1,
    "277": 76.1,
    "278": 76.4,
    "279": 76.4,
    "280": 76.7,
    "281": 76.9,
    "282": 77.0,
    "283": 77.1,
    "284": 77.2,
    "285": 77.5,
    "286": 77.5,
    "287": 77.6,
    "288": 78.3,
    "289": 78.4,
    "290": 78.8,
    "291": 79.2,
    "292": 79.1,
    "293": 79.4,
    "294": 79.6,
    "295": 79.9,
    "296": 79.8,
    "297": 80.0,
    "298": 80.6,
    "299": 80.4,
    "300": 80.8,
    "301": 80.9,
    "302": 81.0,
    "303": 81.4,
    "305": 71.6,
    "306": 72.1,
    "307": 71.3,
    "308": 72.0,
    "309": 72.7,
    "310": 72.5,
    "311": 72.5,
    "312": 71.8,
    "313": 72.4,
    "314": 71.6,
    "315": 72.2,
    "316": 71.6,
    "317": 71.7,
    "318": 72.2,
    "319": 72.0,
    "320": 71.6,
    "321": 72.0,
    "322": 71.4,
    "323": 71.7,
    "324": 71.6,
    "325": 71.5,
    "326": 71.9,
    "327": 71.4,
    "328": 71.5,
    "329": 71.6,
    "330": 71.1,
    "331": 71.6,
    "332": 71.4,
    "333": 71.4,
    "334": 71.4,
    "335": 71.2,
    "336": 71.3,
    "337": 71.3,
    "338": 71.3,
    "339": 71.0,
    "340": 71.0,
    "341": 71.0,
    "342": 70.4,
    "343": 70.9,
    "344": 71.7,
    "345": 71.6,
    "346": 71.9,
    "347": 72.1,
    "348": 72.2,
    "349": 72.4,
    "350": 72.3,
    "351": 72.5,
    "352": 72.7,
    "353": 73.0,
    "354": 73.4,
    "355": 73.5,
    "356": 73.9,
    "357": 74.0,
    "358": 74.5,
    "359": 74.1,
    "360": 74.1,
    "361": 74.4,
    "362": 74.3,
    "363": 74.4,
    "364": 74.6,
    "417": 70.0,
    "418": 71.5,
    "419": 72.0,
    "420": 72.6,
    "421": 73.2,
    "422": 73.5,
    "423": 73.7,
    "424": 73.7,
    "427": 72.0,
    "428": 72.4,
    "429": 71.9,
    "430": 71.8,
    "431": 72.6,
    "432": 72.6,
    "433": 72.7,
    "434": 73.1,
    "435": 72.9,
    "436": 72.9,
    "437": 73.3,
    "438": 73.3,
    "439": 73.8,
    "440": 74.1,
    "441": 74.4,
    "442": 74.7,
    "443": 74.8,
    "444": 75.2,
    "445": 75.0,
    "446": 75.4,
    "447": 75.4,
    "448": 75.5,
    "449": 75.8,
    "450": 75.8,
    "451": 76.4,
    "452": 76.5,
    "453": 76.7,
    "454": 77.0,
    "455": 77.1,
    "456": 77.3,
    "457": 77.0,
    "458": 77.3,
    "459": 77.6,
    "460": 77.8,
    "461": 78.1,
    "462": 78.1,
    "463": 78.6,
    "464": 78.8,
    "465": 79.0,
    "466": 79.2,
    "467": 79.4,
    "468": 79.8,
    "469": 80.0,
    "470": 80.0,
    "471": 80.7,
    "472": 80.8,
    "473": 81.2,
    "474": 81.4,
    "475": 81.7,
    "476": 81.7,
    "477": 82.0,
    "478": 82.2,
    "479": 82.1,
    "480": 82.2,
    "481": 82.7,
    "482": 82.4,
    "483": 83.0,
    "484": 83.0,
    "485": 83.1,
    "486": 83.3,
    "521": 76.9,
    "522": 76.8,
    "523": 77.0,
    "524": 77.3,
    "525": 77.0,
    "526": 76.7,
    "527": 77.4,
    "528": 77.1,
    "529": 78.4,
    "530": 78.0,
    "531": 78.3,
    "532": 78.4,
    "533": 78.0,
    "534": 79.4,
    "535": 79.1,
    "536": 79.9,
    "537": 80.2,
    "538": 80.8,
    "539": 80.5,
    "540": 80.4,
    "541": 81.7,
    "542": 81.5,
    "543": 81.0,
    "544": 81.9,
    "545": 81.3,
    "546": 82.1,
    "547": 81.6,
    "549": 71.1,
    "550": 71.1,
    "551": 70.5,
    "552": 71.0,
    "553": 71.1,
    "554": 71.0,
    "555": 71.1,
    "556": 71.0,
    "557": 70.6,
    "558": 70.1,
    "559": 70.0,
    "560": 70.2,
    "561": 70.7,
    "562": 70.6,
    "563": 70.6,
    "564": 70.9,
    "565": 71.0,
    "566": 71.0,
    "567": 71.0,
    "568": 71.0,
    "569": 70.5,
    "570": 70.9,
    "571": 71.0,
    "572": 70.7,
    "573": 70.9,
    "574": 71.0,
    "575": 71.0,
    "576": 71.4,
    "577": 71.6,
    "578": 71.5,
    "579": 71.3,
    "580": 71.8,
    "581": 72.1,
    "582": 72.6,
    "583": 72.7,
    "584": 72.8,
    "585": 73.4,
    "586": 73.5,
    "587": 74.1,
    "588": 74.2,
    "589": 74.4,
    "590": 74.6,
    "591": 74.7,
    "592": 74.6,
    "593": 75.2,
    "594": 75.4,
    "595": 76.0,
    "596": 76.3,
    "597": 76.5,
    "598": 76.6,
    "599": 76.9,
    "600": 77.2,
    "601": 77.4,
    "602": 77.5,
    "603": 78.1,
    "604": 77.9,
    "605": 78.4,
    "606": 78.3,
    "607": 78.3,
    "608": 78.5,
    "635": 74.8,
    "636": 75.0,
    "637": 75.4,
    "638": 75.6,
    "639": 75.7,
    "640": 76.9,
    "641": 75.2,
    "642": 75.6,
    "643": 75.7,
    "644": 76.0,
    "645": 76.1,
    "646": 76.4,
    "647": 76.8,
    "648": 77.2,
    "649": 77.4,
    "650": 77.6,
    "651": 77.9,
    "652": 77.9,
    "653": 78.0,
    "654": 78.6,
    "655": 78.7,
    "656": 79.2,
    "657": 79.4,
    "658": 79.5,
    "659": 79.6,
    "660": 79.8,
    "661": 79.9,
    "662": 80.0,
    "663": 79.9,
    "664": 80.4,
    "665": 80.0,
    "666": 80.3,
    "667": 80.3,
    "668": 80.2,
    "669": 80.6,
    "671": 70.7,
    "672": 71.2,
    "673": 71.2,
    "674": 71.2,
    "675": 71.6,
    "676": 71.4,
    "677": 71.5,
    "678": 71.6,
    "679": 71.2,
    "680": 71.0,
    "681": 71.3,
    "682": 71.5,
    "683": 71.6,
    "684": 71.9,
    "685": 72.2,
    "686": 71.9,
    "687": 72.2,
    "688": 72.7,
    "689": 72.7,
    "690": 73.0,
    "691": 73.1,
    "692": 73.2,
    "693": 73.5,
    "694": 73.7,
    "695": 74.2,
    "696": 74.2,
    "697": 74.4,
    "698": 74.8,
    "699": 75.0,
    "700": 75.1,
    "701": 75.0,
    "702": 75.2,
    "703": 75.6,
    "704": 75.7,
    "705": 76.0,
    "706": 76.1,
    "707": 76.4,
    "708": 76.8,
    "709": 77.2,
    "710": 77.4,
    "711": 77.6,
    "712": 77.9,
    "713": 77.9,
    "714": 78.0,
    "715": 78.6,
    "716": 78.7,
    "717": 79.2,
    "718": 79.4,
    "719": 79.5,
    "720": 79.6,
    "721": 79.8,
    "722": 79.9,
    "723": 80.0,
    "724": 79.9,
    "725": 80.4,
    "726": 80.0,
    "727": 80.3,
    "728": 80.3,
    "729": 80.2,
    "730": 80.6,
    "746": 73.7,
    "747": 73.9,
    "748": 73.5,
    "749": 74.4,
    "750": 74.2,
    "751": 73.9,
    "752": 73.8,
    "753": 73.9,
    "754": 74.3,
    "755": 74.1,
    "756": 74.3,
    "757": 74.1,
    "758": 74.3,
    "759": 74.4,
    "760": 74.5,
    "761": 74.5,
    "762": 74.5,
    "763": 74.8,
    "764": 74.8,
    "765": 74.6,
    "766": 74.9,
    "767": 74.7,
    "768": 75.1,
    "769": 75.5,
    "770": 75.9,
    "771": 76.0,
    "772": 76.3,
    "773": 76.4,
    "774": 76.4,
    "775": 76.8,
    "776": 77.2,
    "777": 77.6,
    "778": 77.7,
    "779": 77.7,
    "780": 78.1,
    "781": 78.3,
    "782": 78.6,
    "783": 79.1,
    "784": 79.4,
    "785": 79.6,
    "786": 80.1,
    "787": 80.1,
    "788": 80.2,
    "789": 80.5,
    "790": 80.3,
    "791": 80.7,
    "835": 78.3,
    "836": 78.3,
    "837": 79.0,
    "838": 79.0,
    "839": 79.6,
    "840": 79.7,
    "841": 79.9,
    "842": 80.1,
    "843": 80.4,
    "844": 80.7,
    "845": 80.6,
    "846": 80.9,
    "847": 81.3,
    "848": 81.0,
    "849": 81.3,
    "850": 81.3,
    "851": 81.4,
    "852": 81.7,
    "896": 78.2,
    "897": 78.2,
    "898": 78.9,
    "899": 78.9,
    "900": 79.5,
    "901": 79.6,
    "902": 79.8,
    "903": 80.1,
    "904": 80.3,
    "905": 80.6,
    "906": 80.6,
    "907": 80.8,
    "908": 81.3,
    "909": 80.9,
    "910": 81.3,
    "911": 81.3,
    "912": 81.4,
    "913": 81.6,
    "915": 70.6,
    "916": 70.7,
    "917": 70.6,
    "918": 70.8,
    "919": 71.6,
    "920": 71.2,
    "921": 71.2,
    "922": 71.4,
    "923": 70.9,
    "924": 70.5,
    "925": 70.7,
    "926": 70.9,
    "927": 70.5,
    "928": 70.9,
    "929": 71.1,
    "930": 70.5,
    "931": 70.0,
    "932": 70.1,
    "933": 69.8,
    "934": 69.7,
    "935": 69.7,
    "936": 69.6,
    "937": 70.1,
    "938": 69.9,
    "939": 69.6,
    "940": 69.7,
    "941": 71.1,
    "942": 71.1,
    "943": 70.9,
    "944": 70.6,
    "945": 69.7,
    "946": 69.7,
    "947": 69.2,
    "948": 68.1,
    "949": 66.6,
    "950": 67.7,
    "951": 69.6,
    "952": 69.8,
    "953": 69.3,
    "954": 70.3,
    "955": 70.7,
    "956": 70.5,
    "957": 70.8,
    "958": 71.4,
    "959": 71.9,
    "960": 72.4,
    "961": 72.5,
    "962": 72.6,
    "963": 73.7,
    "964": 74.6,
    "965": 75.3,
    "966": 75.8,
    "967": 76.0,
    "968": 76.7,
    "969": 76.6,
    "970": 77.2,
    "971": 77.2,
    "972": 77.6,
    "973": 77.7,
    "974": 78.1,
    "1018": 77.2,
    "1019": 77.2,
    "1020": 77.8,
    "1021": 77.9,
    "1022": 78.4,
    "1023": 78.5,
    "1024": 78.8,
    "1025": 79.0,
    "1026": 79.3,
    "1027": 79.6,
    "1028": 79.6,
    "1029": 79.9,
    "1030": 80.2,
    "1031": 79.9,
    "1032": 80.3,
    "1033": 80.3,
    "1034": 80.3,
    "1079": 77.2,
    "1080": 77.2,
    "1081": 77.8,
    "1082": 77.9,
    "1083": 78.3,
    "1084": 78.5,
    "1085": 78.7,
    "1086": 79.0,
    "1087": 79.3,
    "1088": 79.6,
    "1089": 79.6,
    "1090": 79.9,
    "1091": 80.2,
    "1092": 79.9,
    "1093": 80.3,
    "1094": 80.2,
    "1095": 80.3,
    "1132": 77.8,
    "1133": 77.7,
    "1134": 78.2,
    "1135": 78.3,
    "1136": 78.5,
    "1137": 78.6,
    "1138": 78.9,
    "1139": 79.2,
    "1140": 79.3,
    "1141": 79.6,
    "1142": 80.2,
    "1143": 80.3,
    "1144": 80.7,
    "1145": 80.8,
    "1146": 81.0,
    "1147": 81.2,
    "1148": 81.4,
    "1149": 81.6,
    "1150": 81.6,
    "1151": 81.8,
    "1152": 82.2,
    "1153": 82.1,
    "1154": 82.5,
    "1155": 82.5,
    "1156": 82.7,
    "1157": 82.9,
    "1160": 73.8,
    "1161": 73.7,
    "1162": 73.8,
    "1163": 73.5,
    "1164": 74.0,
    "1165": 74.1,
    "1166": 73.9,
    "1167": 74.0,
    "1168": 74.4,
    "1169": 74.9,
    "1170": 75.1,
    "1171": 74.9,
    "1172": 75.0,
    "1173": 75.5,
    "1174": 75.2,
    "1175": 75.2,
    "1176": 75.2,
    "1177": 75.7,
    "1178": 76.0,
    "1179": 75.6,
    "1180": 75.9,
    "1181": 76.1,
    "1182": 75.8,
    "1183": 76.3,
    "1184": 76.0,
    "1185": 76.3,
    "1186": 76.1,
    "1187": 76.6,
    "1188": 76.7,
    "1189": 76.9,
    "1190": 77.0,
    "1191": 76.9,
    "1192": 77.2,
    "1193": 77.4,
    "1194": 77.4,
    "1195": 77.5,
    "1196": 77.9,
    "1197": 77.9,
    "1198": 78.0,
    "1199": 78.1,
    "1200": 78.5,
    "1201": 78.6,
    "1202": 78.6,
    "1203": 78.7,
    "1204": 78.9,
    "1205": 79.2,
    "1206": 79.0,
    "1207": 79.5,
    "1208": 79.6,
    "1209": 79.9,
    "1210": 80.0,
    "1211": 79.9,
    "1212": 80.7,
    "1213": 80.8,
    "1214": 80.4,
    "1215": 80.8,
    "1216": 80.6,
    "1217": 81.1,
    "1218": 81.0,
    "1235": 73.8,
    "1236": 74.0,
    "1237": 74.4,
    "1238": 74.5,
    "1239": 75.0,
    "1240": 75.4,
    "1241": 75.6,
    "1242": 76.2,
    "1243": 75.9,
    "1244": 76.2,
    "1245": 76.0,
    "1246": 76.4,
    "1247": 76.6,
    "1248": 76.5,
    "1249": 76.6,
    "1250": 76.5,
    "1251": 76.6,
    "1252": 77.1,
    "1253": 77.2,
    "1254": 77.5,
    "1255": 77.5,
    "1256": 77.7,
    "1257": 78.2,
    "1258": 78.2,
    "1259": 78.2,
    "1260": 78.7,
    "1261": 79.1,
    "1262": 79.2,
    "1263": 79.0,
    "1264": 79.7,
    "1265": 79.6,
    "1266": 80.4,
    "1267": 80.4,
    "1268": 80.8,
    "1269": 81.2,
    "1270": 81.6,
    "1271": 81.8,
    "1272": 81.8,
    "1273": 82.4,
    "1274": 82.5,
    "1275": 82.2,
    "1276": 82.7,
    "1277": 82.6,
    "1278": 82.7,
    "1279": 83.2,
    "1323": 77.2,
    "1324": 77.2,
    "1325": 77.8,
    "1326": 77.9,
    "1327": 78.3,
    "1328": 78.5,
    "1329": 78.7,
    "1330": 79.0,
    "1331": 79.3,
    "1332": 79.6,
    "1333": 79.6,
    "1334": 79.9,
    "1335": 80.2,
    "1336": 79.9,
    "1337": 80.3,
    "1338": 80.3,
    "1339": 80.3,
    "1384": 77.1,
    "1385": 77.1,
    "1386": 77.7,
    "1387": 77.8,
    "1388": 78.2,
    "1389": 78.4,
    "1390": 78.6,
    "1391": 78.9,
    "1392": 79.2,
    "1393": 79.4,
    "1394": 79.5,
    "1395": 79.8,
    "1396": 80.1,
    "1397": 79.8,
    "1398": 80.2,
    "1399": 80.2,
    "1400": 80.3,
    "1401": 80.6,
    "1445": 77.1,
    "1446": 77.2,
    "1447": 77.8,
    "1448": 77.9,
    "1449": 78.3,
    "1450": 78.5,
    "1451": 78.7,
    "1452": 79.0,
    "1453": 79.3,
    "1454": 79.6,
    "1455": 79.6,
    "1456": 79.8,
    "1457": 80.2,
    "1458": 79.9,
    "1459": 80.3,
    "1460": 80.2,
    "1461": 80.3,
    "1484": 73.3,
    "1485": 73.5,
    "1486": 74.1,
    "1487": 74.0,
    "1488": 74.3,
    "1489": 74.0,
    "1490": 74.3,
    "1491": 74.3,
    "1492": 74.3,
    "1493": 74.5,
    "1494": 74.5,
    "1495": 74.9,
    "1496": 75.1,
    "1497": 75.3,
    "1498": 76.0,
    "1499": 76.0,
    "1500": 76.3,
    "1501": 76.5,
    "1502": 76.7,
    "1503": 76.8,
    "1504": 77.1,
    "1505": 77.5,
    "1506": 77.6,
    "1507": 77.8,
    "1508": 78.2,
    "1509": 78.4,
    "1510": 78.8,
    "1511": 78.8,
    "1512": 79.1,
    "1513": 79.3,
    "1514": 79.4,
    "1515": 79.8,
    "1516": 79.9,
    "1517": 80.3,
    "1518": 80.5,
    "1519": 80.7,
    "1520": 80.6,
    "1521": 80.9,
    "1522": 81.0,
    "1523": 81.2,
    "1563": 78.1,
    "1564": 78.2,
    "1565": 78.5,
    "1566": 78.6,
    "1567": 78.7,
    "1568": 78.6,
    "1569": 79.7,
    "1570": 79.7,
    "1571": 80.3,
    "1572": 80.6,
    "1573": 80.7,
    "1574": 80.9,
    "1575": 81.1,
    "1576": 81.6,
    "1577": 81.4,
    "1578": 81.7,
    "1579": 82.2,
    "1580": 81.8,
    "1581": 82.0,
    "1582": 82.1,
    "1583": 82.2,
    "1584": 82.3,
    "1612": 75.3,
    "1613": 75.9,
    "1614": 76.2,
    "1615": 76.3,
    "1616": 76.6,
    "1617": 76.8,
    "1618": 77.0,
    "1619": 77.0,
    "1620": 77.5,
    "1621": 77.4,
    "1622": 77.6,
    "1623": 78.0,
    "1624": 78.1,
    "1625": 78.3,
    "1626": 78.6,
    "1627": 78.7,
    "1628": 78.8,
    "1629": 78.7,
    "1630": 79.7,
    "1631": 79.7,
    "1632": 80.3,
    "1633": 80.6,
    "1634": 80.7,
    "1635": 80.9,
    "1636": 81.2,
    "1637": 81.6,
    "1638": 81.4,
    "1693": 74.4,
    "1694": 75.0,
    "1695": 74.4,
    "1696": 73.5,
    "1697": 74.3,
    "1698": 74.3,
    "1701": 73.9,
    "1702": 72.7,
    "1703": 72.4,
    "1704": 73.2,
    "1705": 73.5,
    "1706": 73.6,
    "1749": 74.1,
    "1750": 74.2,
    "1751": 74.0,
    "1752": 74.9,
    "1753": 74.7,
    "1754": 75.3,
    "1755": 75.2,
    "1756": 75.3,
    "1757": 75.7,
    "1758": 76.1,
    "1759": 76.5,
    "1760": 76.6,
    "1761": 77.1,
    "1762": 77.3,
    "1763": 76.8,
    "1764": 77.5,
    "1765": 77.3,
    "1766": 77.6,
    "1767": 77.9,
    "1769": 70.4,
    "1770": 71.2,
    "1771": 70.2,
    "1772": 71.1,
    "1773": 71.4,
    "1774": 71.0,
    "1775": 71.8,
    "1776": 71.3,
    "1777": 70.9,
    "1778": 71.0,
    "1779": 70.8,
    "1780": 70.6,
    "1781": 71.2,
    "1782": 71.1,
    "1783": 71.0,
    "1784": 70.8,
    "1785": 70.7,
    "1786": 70.8,
    "1787": 70.1,
    "1788": 70.3,
    "1789": 69.7,
    "1790": 69.7,
    "1791": 69.8,
    "1792": 69.3,
    "1793": 69.5,
    "1794": 69.5,
    "1795": 69.6,
    "1796": 70.0,
    "1797": 70.3,
    "1798": 69.6,
    "1799": 69.4,
    "1800": 69.5,
    "1801": 69.1,
    "1802": 69.1,
    "1803": 69.4,
    "1804": 69.8,
    "1805": 70.4,
    "1806": 70.7,
    "1807": 70.7,
    "1808": 70.7,
    "1809": 71.5,
    "1810": 72.1,
    "1811": 72.1,
    "1812": 72.1,
    "1813": 72.5,
    "1814": 72.4,
    "1815": 72.9,
    "1816": 73.0,
    "1817": 73.6,
    "1818": 73.8,
    "1819": 74.1,
    "1820": 74.5,
    "1821": 74.6,
    "1822": 75.2,
    "1823": 75.3,
    "1824": 75.0,
    "1825": 75.5,
    "1826": 75.3,
    "1827": 75.5,
    "1828": 75.8,
    "1856": 73.2,
    "1857": 73.9,
    "1858": 74.0,
    "1859": 74.0,
    "1860": 74.4,
    "1861": 74.6,
    "1862": 74.9,
    "1863": 74.7,
    "1864": 75.2,
    "1865": 74.9,
    "1866": 75.3,
    "1867": 75.5,
    "1868": 75.7,
    "1869": 75.5,
    "1870": 76.1,
    "1871": 76.6,
    "1872": 77.1,
    "1873": 77.6,
    "1874": 78.0,
    "1875": 78.3,
    "1876": 78.6,
    "1877": 79.0,
    "1878": 79.5,
    "1879": 79.5,
    "1880": 80.1,
    "1881": 80.1,
    "1882": 80.2,
    "1883": 80.3,
    "1884": 80.7,
    "1885": 80.8,
    "1886": 80.9,
    "1887": 81.5,
    "1888": 81.5,
    "1889": 82.0,
    "1892": 73.9,
    "1893": 74.0,
    "1894": 73.3,
    "1895": 73.8,
    "1896": 73.9,
    "1897": 73.3,
    "1898": 73.7,
    "1899": 74.0,
    "1900": 73.6,
    "1901": 73.8,
    "1902": 73.5,
    "1903": 74.4,
    "1904": 74.1,
    "1905": 74.3,
    "1906": 75.5,
    "1907": 76.5,
    "1908": 76.0,
    "1909": 76.5,
    "1911": 76.4,
    "1912": 75.9,
    "1913": 76.6,
    "1914": 76.2,
    "1915": 77.0,
    "1916": 77.0,
    "1917": 77.4,
    "1918": 76.9,
    "1919": 76.6,
    "1920": 77.6,
    "1921": 77.5,
    "1922": 77.4,
    "1923": 78.2,
    "1924": 78.4,
    "1925": 78.6,
    "1926": 77.5,
    "1927": 78.1,
    "1928": 78.4,
    "1929": 78.9,
    "1930": 78.6,
    "1931": 79.0,
    "1932": 80.0,
    "1933": 79.8,
    "1934": 80.2,
    "1935": 80.3,
    "1936": 80.7,
    "1937": 80.3,
    "1938": 80.7,
    "1939": 80.8,
    "1940": 80.9,
    "1941": 81.1,
    "1942": 81.5,
    "1943": 82.0,
    "1944": 81.3,
    "1945": 82.1,
    "1946": 81.7,
    "1947": 81.3,
    "1948": 81.9,
    "1949": 82.0,
    "1950": 82.3,
    "1977": 75.3,
    "1978": 75.6,
    "1979": 76.1,
    "1980": 76.2,
    "1981": 76.6,
    "1982": 76.7,
    "1983": 76.8,
    "1984": 77.2,
    "1985": 77.4,
    "1986": 77.5,
    "1987": 77.8,
    "1988": 78.1,
    "1989": 78.4,
    "1990": 78.5,
    "1991": 79.0,
    "1992": 79.3,
    "1993": 79.6,
    "1994": 79.7,
    "1995": 79.5,
    "1996": 80.2,
    "1997": 80.2,
    "1998": 80.7,
    "1999": 80.8,
    "2000": 80.9,
    "2001": 81.1,
    "2002": 81.5,
    "2003": 81.6,
    "2004": 81.6,
    "2005": 82.1,
    "2006": 82.5,
    "2007": 81.9,
    "2008": 82.6,
    "2009": 82.3,
    "2010": 82.7,
    "2011": 82.8,
    "2047": 78.1,
    "2048": 76.5,
    "2049": 76.3,
    "2050": 76.8,
    "2051": 77.5,
    "2052": 79.1,
    "2053": 76.8,
    "2054": 78.3,
    "2055": 79.0,
    "2056": 79.3,
    "2057": 81.2,
    "2058": 79.9,
    "2059": 80.5,
    "2060": 80.4,
    "2061": 81.9,
    "2062": 80.9,
    "2063": 81.0,
    "2064": 81.2,
    "2065": 82.2,
    "2066": 81.9,
    "2067": 81.4,
    "2068": 82.2,
    "2069": 81.5,
    "2070": 82.7,
    "2071": 82.1,
    "2072": 83.3,
    "2084": 71.5,
    "2085": 72.1,
    "2086": 71.5,
    "2087": 71.8,
    "2088": 71.9,
    "2089": 71.5,
    "2090": 71.4,
    "2091": 71.2,
    "2092": 71.1,
    "2093": 70.8,
    "2094": 70.6,
    "2095": 70.6,
    "2096": 70.9,
    "2097": 70.8,
    "2098": 70.3,
    "2099": 70.6,
    "2100": 72.1,
    "2101": 72.0,
    "2102": 71.9,
    "2103": 71.5,
    "2104": 71.2,
    "2105": 70.6,
    "2106": 70.6,
    "2107": 69.0,
    "2108": 68.5,
    "2109": 68.9,
    "2110": 70.0,
    "2111": 70.8,
    "2112": 71.0,
    "2113": 71.4,
    "2114": 71.7,
    "2115": 71.2,
    "2116": 71.3,
    "2117": 71.5,
    "2118": 71.5,
    "2119": 70.7,
    "2120": 70.5,
    "2121": 70.2,
    "2122": 71.1,
    "2123": 72.4,
    "2124": 72.6,
    "2125": 73.1,
    "2126": 73.4,
    "2127": 73.4,
    "2128": 74.0,
    "2129": 73.9,
    "2130": 74.3,
    "2131": 75.0,
    "2132": 75.3,
    "2133": 75.8,
    "2146": 70.1,
    "2147": 70.8,
    "2148": 70.7,
    "2149": 70.7,
    "2150": 70.8,
    "2151": 71.0,
    "2152": 71.9,
    "2153": 71.8,
    "2154": 72.7,
    "2155": 72.7,
    "2156": 72.6,
    "2157": 72.5,
    "2158": 73.3,
    "2159": 73.2,
    "2160": 73.5,
    "2161": 74.3,
    "2162": 74.0,
    "2163": 74.7,
    "2164": 74.6,
    "2165": 75.2,
    "2166": 75.4,
    "2167": 75.0,
    "2168": 75.4,
    "2169": 76.1,
    "2170": 76.2,
    "2171": 76.2,
    "2172": 76.5,
    "2173": 76.7,
    "2174": 77.4,
    "2175": 77.4,
    "2176": 77.5,
    "2177": 77.5,
    "2178": 77.2,
    "2179": 78.6,
    "2180": 78.8,
    "2181": 78.6,
    "2182": 78.7,
    "2183": 79.8,
    "2184": 80.0,
    "2185": 80.1,
    "2186": 80.4,
    "2187": 80.7,
    "2188": 81.2,
    "2189": 81.5,
    "2190": 81.6,
    "2191": 82.0,
    "2192": 81.4,
    "2193": 81.7,
    "2194": 82.1,
    "2238": 69.9,
    "2239": 70.3,
    "2240": 70.6,
    "2241": 70.2,
    "2242": 70.1,
    "2243": 70.4,
    "2244": 71.6,
    "2245": 72.3,
    "2246": 72.5,
    "2247": 73.4,
    "2248": 73.6,
    "2249": 73.7,
    "2250": 73.7,
    "2251": 74.1,
    "2252": 74.1,
    "2253": 74.2,
    "2254": 74.3,
    "2255": 75.0,
    "2303": 68.3,
    "2304": 68.7,
    "2305": 69.2,
    "2306": 69.3,
    "2307": 69.0,
    "2308": 70.7,
    "2309": 70.7,
    "2363": 73.6,
    "2364": 73.7,
    "2365": 74.0,
    "2366": 74.7,
    "2367": 74.6,
    "2368": 75.5,
    "2369": 75.4,
    "2370": 75.6,
    "2371": 75.8,
    "2372": 75.9,
    "2373": 75.7,
    "2374": 75.8,
    "2375": 75.7,
    "2376": 76.0,
    "2377": 75.9,
    "2413": 72.5,
    "2414": 72.5,
    "2415": 72.7,
    "2416": 72.7,
    "2417": 72.6,
    "2418": 73.0,
    "2419": 73.0,
    "2420": 73.4,
    "2421": 72.9,
    "2422": 73.2,
    "2423": 73.6,
    "2424": 73.7,
    "2425": 73.8,
    "2426": 73.5,
    "2427": 74.2,
    "2428": 74.3,
    "2429": 74.6,
    "2430": 74.7,
    "2431": 74.7,
    "2432": 75.2,
    "2433": 75.2,
    "2434": 75.1,
    "2435": 75.3,
    "2436": 75.7,
    "2437": 76.1,
    "2438": 76.0,
    "2457": 71.5,
    "2458": 70.2,
    "2459": 71.6,
    "2460": 70.5,
    "2461": 71.2,
    "2475": 77.2,
    "2476": 77.5,
    "2477": 77.4,
    "2478": 77.3,
    "2479": 77.2,
    "2480": 77.9,
    "2481": 78.2,
    "2482": 78.3,
    "2483": 78.1,
    "2484": 78.8,
    "2485": 78.9,
    "2486": 78.8,
    "2487": 79.5,
    "2488": 79.4,
    "2489": 79.8,
    "2490": 80.9,
    "2491": 80.4,
    "2492": 80.3,
    "2493": 81.4,
    "2494": 81.5,
    "2495": 81.5,
    "2496": 82.2,
    "2497": 81.9,
    "2498": 82.0,
    "2499": 82.5,
    "2526": 76.1,
    "2527": 76.0,
    "2528": 76.5,
    "2529": 76.6,
    "2530": 76.4,
    "2531": 76.6,
    "2532": 76.7,
    "2533": 76.9,
    "2534": 76.6,
    "2535": 77.0,
    "2536": 77.0,
    "2537": 77.1,
    "2538": 77.4,
    "2539": 77.5,
    "2540": 77.4,
    "2541": 77.6,
    "2542": 77.8,
    "2543": 77.8,
    "2544": 78.1,
    "2545": 78.7,
    "2546": 79.0,
    "2547": 79.3,
    "2548": 79.7,
    "2549": 79.8,
    "2550": 80.2,
    "2551": 80.3,
    "2552": 80.6,
    "2553": 80.5,
    "2554": 80.7,
    "2555": 81.1,
    "2556": 80.9,
    "2557": 81.0,
    "2558": 81.1,
    "2559": 81.2,
    "2560": 81.5,
    "2562": 73.9,
    "2563": 73.9,
    "2564": 73.8,
    "2565": 73.4,
    "2566": 74.0,
    "2567": 74.1,
    "2568": 74.1,
    "2569": 74.2,
    "2570": 74.0,
    "2571": 73.8,
    "2572": 74.1,
    "2573": 74.2,
    "2574": 74.3,
    "2575": 74.4,
    "2576": 74.6,
    "2577": 74.7,
    "2578": 74.9,
    "2579": 75.2,
    "2580": 75.2,
    "2581": 75.2,
    "2582": 75.4,
    "2583": 75.5,
    "2584": 75.7,
    "2585": 75.8,
    "2586": 76.0,
    "2587": 75.7,
    "2588": 76.0,
    "2589": 75.8,
    "2590": 76.0,
    "2591": 76.2,
    "2592": 76.2,
    "2593": 76.6,
    "2594": 76.8,
    "2595": 76.6,
    "2596": 77.3,
    "2597": 77.2,
    "2598": 77.6,
    "2599": 77.6,
    "2600": 77.8,
    "2601": 77.7,
    "2602": 78.1,
    "2603": 78.3,
    "2604": 78.3,
    "2605": 78.9,
    "2606": 79.4,
    "2607": 79.6,
    "2608": 79.9,
    "2609": 79.9,
    "2610": 80.1,
    "2611": 80.3,
    "2612": 80.4,
    "2613": 80.6,
    "2614": 80.7,
    "2615": 81.0,
    "2616": 81.4,
    "2617": 81.5,
    "2618": 81.6,
    "2619": 81.9,
    "2620": 82.0,
    "2621": 82.2,
    "2653": 71.1,
    "2654": 70.7,
    "2655": 71.2,
    "2656": 71.6,
    "2657": 71.8,
    "2658": 71.9,
    "2659": 72.2,
    "2660": 72.4,
    "2661": 72.8,
    "2662": 72.8,
    "2663": 73.4,
    "2664": 73.8,
    "2665": 74.1,
    "2666": 74.2,
    "2667": 74.4,
    "2668": 74.5,
    "2669": 74.8,
    "2670": 74.8,
    "2671": 75.1,
    "2672": 75.3,
    "2673": 75.8,
    "2674": 76.2,
    "2675": 76.2,
    "2676": 76.5,
    "2677": 77.1,
    "2678": 76.9,
    "2679": 77.3,
    "2680": 77.2,
    "2681": 77.0,
    "2682": 77.3,
    "2684": 68.7,
    "2685": 68.1,
    "2686": 68.8,
    "2687": 68.9,
    "2688": 69.0,
    "2689": 69.4,
    "2690": 68.9,
    "2691": 69.4,
    "2692": 69.8,
    "2693": 69.1,
    "2694": 70.2,
    "2695": 69.4,
    "2696": 70.4,
    "2697": 69.8,
    "2698": 69.9,
    "2699": 70.2,
    "2700": 70.4,
    "2701": 71.3,
    "2702": 71.6,
    "2703": 72.2,
    "2704": 72.3,
    "2705": 72.4,
    "2706": 73.0,
    "2707": 72.8,
    "2708": 72.9,
    "2709": 73.2,
    "2710": 73.6,
    "2711": 73.9,
    "2712": 73.8,
    "2713": 74.3,
    "2714": 73.9,
    "2715": 73.9,
    "2716": 74.4,
    "2717": 74.2,
    "2718": 75.1,
    "2719": 74.9,
    "2720": 74.8,
    "2721": 75.3,
    "2722": 75.5,
    "2723": 75.7,
    "2724": 76.3,
    "2725": 76.6,
    "2726": 76.8,
    "2727": 76.8,
    "2728": 77.7,
    "2729": 77.5,
    "2730": 78.3,
    "2731": 78.5,
    "2732": 78.8,
    "2733": 79.0,
    "2734": 79.3,
    "2735": 79.9,
    "2736": 79.8,
    "2737": 80.1,
    "2738": 80.6,
    "2739": 80.5,
    "2740": 80.6,
    "2741": 80.8,
    "2742": 80.8,
    "2743": 81.1,
    "2753": 71.1,
    "2754": 70.1,
    "2755": 70.5,
    "2756": 70.6,
    "2757": 71.0,
    "2758": 70.5,
    "2759": 71.3,
    "2760": 71.3,
    "2761": 71.2,
    "2762": 71.0,
    "2763": 71.0,
    "2764": 70.7,
    "2765": 70.3,
    "2766": 70.5,
    "2767": 70.7,
    "2768": 70.4,
    "2769": 70.6,
    "2770": 70.2,
    "2771": 70.4,
    "2772": 70.1,
    "2773": 70.2,
    "2774": 70.5,
    "2775": 70.6,
    "2776": 70.6,
    "2777": 70.2,
    "2778": 70.2,
    "2779": 70.0,
    "2780": 69.8,
    "2781": 69.4,
    "2782": 69.7,
    "2783": 70.4,
    "2784": 70.9,
    "2785": 71.5,
    "2786": 71.4,
    "2787": 71.1,
    "2788": 71.2,
    "2789": 71.6,
    "2790": 72.0,
    "2791": 72.5,
    "2792": 73.0,
    "2793": 73.4,
    "2794": 73.5,
    "2795": 73.5,
    "2796": 74.2,
    "2797": 74.2,
    "2798": 74.8,
    "2799": 74.6,
    "2800": 74.5,
    "2801": 74.8,
    "2802": 74.7,
    "2803": 74.8,
    "2804": 75.0,
    "2846": 71.4,
    "2847": 72.1,
    "2848": 72.1,
    "2849": 72.2,
    "2850": 72.3,
    "2851": 72.4,
    "2852": 73.0,
    "2853": 73.2,
    "2854": 73.4,
    "2855": 73.6,
    "2856": 73.9,
    "2857": 74.1,
    "2858": 74.4,
    "2859": 74.7,
    "2860": 74.8,
    "2861": 74.7,
    "2862": 75.2,
    "2863": 75.0,
    "2864": 75.3,
    "2865": 75.4,
    "2913": 66.3,
    "2914": 67.2,
    "2915": 67.5,
    "2916": 68.3,
    "2917": 68.5,
    "2936": 74.0,
    "2937": 74.0,
    "2938": 74.6,
    "2939": 74.5,
    "2940": 74.6,
    "2941": 74.6,
    "2942": 74.7,
    "2943": 74.7,
    "2944": 74.6,
    "2945": 75.1,
    "2946": 75.1,
    "2947": 75.2,
    "2948": 75.3,
    "2949": 75.6,
    "2950": 76.0,
    "2951": 76.2,
    "2952": 76.4,
    "2953": 76.3,
    "2954": 76.5,
    "2955": 76.7,
    "2956": 76.5,
    "2957": 77.2,
    "2958": 77.2,
    "2959": 77.3,
    "2960": 77.6,
    "2961": 77.6,
    "2962": 78.2,
    "2963": 78.3,
    "2964": 78.5,
    "2965": 78.7,
    "2966": 78.8,
    "2967": 78.9,
    "2968": 79.0,
    "2969": 79.2,
    "2970": 79.3,
    "2971": 79.5,
    "2972": 79.9,
    "2973": 79.9,
    "2974": 80.2,
    "2975": 80.3,
    "2976": 80.5,
    "2977": 80.7,
    "2978": 80.9,
    "2979": 81.0,
    "2980": 81.0,
    "2981": 81.2,
    "2982": 81.5,
    "2983": 81.4,
    "2984": 81.6,
    "2985": 81.7,
    "2986": 81.7,
    "2987": 82.3,
    "3011": 71.2,
    "3012": 71.0,
    "3013": 71.4,
    "3014": 71.9,
    "3015": 72.4,
    "3016": 72.2,
    "3017": 72.8,
    "3018": 73.1,
    "3019": 73.5,
    "3020": 73.2,
    "3021": 73.3,
    "3022": 73.1,
    "3023": 73.5,
    "3024": 74.1,
    "3025": 74.5,
    "3026": 74.6,
    "3027": 74.7,
    "3028": 75.0,
    "3029": 75.5,
    "3030": 75.7,
    "3031": 75.9,
    "3032": 75.7,
    "3033": 76.5,
    "3034": 76.8,
    "3035": 77.5,
    "3036": 77.6,
    "3037": 78.3,
    "3038": 78.5,
    "3039": 79.0,
    "3040": 79.4,
    "3041": 79.4,
    "3042": 79.7,
    "3043": 80.4,
    "3044": 80.0,
    "3045": 80.4,
    "3046": 80.4,
    "3047": 80.6,
    "3048": 80.8,
    "3050": 71.4,
    "3051": 71.9,
    "3052": 71.2,
    "3053": 71.7,
    "3054": 72.1,
    "3055": 71.4,
    "3056": 71.5,
    "3057": 71.9,
    "3058": 71.3,
    "3059": 70.9,
    "3060": 70.6,
    "3061": 70.6,
    "3062": 71.2,
    "3063": 70.9,
    "3064": 70.9,
    "3065": 71.0,
    "3066": 71.3,
    "3067": 71.0,
    "3068": 71.0,
    "3069": 71.3,
    "3070": 70.9,
    "3071": 71.1,
    "3072": 71.2,
    "3073": 70.8,
    "3074": 71.1,
    "3075": 71.0,
    "3076": 71.1,
    "3077": 71.3,
    "3078": 71.3,
    "3079": 71.1,
    "3080": 70.9,
    "3081": 71.0,
    "3082": 71.4,
    "3083": 71.7,
    "3084": 72.2,
    "3085": 72.2,
    "3086": 72.7,
    "3087": 72.5,
    "3088": 72.4,
    "3089": 72.8,
    "3090": 72.9,
    "3091": 73.1,
    "3092": 73.3,
    "3093": 73.4,
    "3094": 73.7,
    "3095": 73.7,
    "3096": 73.9,
    "3097": 74.0,
    "3098": 74.4,
    "3099": 74.8,
    "3100": 75.0,
    "3101": 75.5,
    "3102": 75.7,
    "3103": 76.0,
    "3104": 76.4,
    "3105": 76.1,
    "3106": 76.7,
    "3107": 76.7,
    "3108": 76.8,
    "3109": 77.2,
    "3163": 84.6,
    "3221": 76.1,
    "3222": 76.8,
    "3223": 77.0,
    "3224": 77.6,
    "3225": 78.1,
    "3226": 78.1,
    "3227": 78.0,
    "3228": 77.9,
    "3229": 78.2,
    "3230": 78.7,
    "3231": 78.8,
    "3279": 67.6,
    "3280": 67.4,
    "3281": 67.7,
    "3283": 70.0,
    "3284": 70.7,
    "3285": 70.8,
    "3287": 71.3,
    "3288": 72.1,
    "3289": 72.5,
    "3290": 72.8,
    "3291": 72.7,
    "3292": 72.9,
    "3327": 75.7,
    "3328": 76.3,
    "3329": 76.2,
    "3330": 76.4,
    "3331": 76.7,
    "3332": 76.8,
    "3333": 76.9,
    "3334": 77.4,
    "3335": 77.7,
    "3336": 77.7,
    "3337": 77.8,
    "3338": 78.4,
    "3339": 78.6,
    "3340": 78.9,
    "3341": 79.1,
    "3342": 79.2,
    "3343": 79.8,
    "3344": 80.0,
    "3345": 80.4,
    "3346": 80.3,
    "3347": 80.4,
    "3348": 80.7,
    "3349": 80.3,
    "3350": 80.6,
    "3351": 80.6,
    "3352": 80.6,
    "3411": 78.1
  },
  "dimension": {
    "unit": {
      "label": "unit",
      "category": { "index": { "YR": 0 }, "label": { "YR": "Year" } }
    },
    "sex": {
      "label": "sex",
      "category": { "index": { "T": 0 }, "label": { "T": "Total" } }
    },
    "age": {
      "label": "age",
      "category": { "index": { "Y1": 0 }, "label": { "Y1": "1 year" } }
    },
    "geo": {
      "label": "geo",
      "category": {
        "index": {
          "AL": 0,
          "AM": 1,
          "AT": 2,
          "AZ": 3,
          "BE": 4,
          "BG": 5,
          "BY": 6,
          "CH": 7,
          "CY": 8,
          "CZ": 9,
          "DE": 10,
          "DE_TOT": 11,
          "DK": 12,
          "EA18": 13,
          "EA19": 14,
          "EE": 15,
          "EEA30_2007": 16,
          "EEA31": 17,
          "EFTA": 18,
          "EL": 19,
          "ES": 20,
          "EU27_2007": 21,
          "EU27_2020": 22,
          "EU28": 23,
          "FI": 24,
          "FR": 25,
          "FX": 26,
          "GE": 27,
          "HR": 28,
          "HU": 29,
          "IE": 30,
          "IS": 31,
          "IT": 32,
          "LI": 33,
          "LT": 34,
          "LU": 35,
          "LV": 36,
          "MD": 37,
          "ME": 38,
          "MK": 39,
          "MT": 40,
          "NL": 41,
          "NO": 42,
          "PL": 43,
          "PT": 44,
          "RO": 45,
          "RS": 46,
          "RU": 47,
          "SE": 48,
          "SI": 49,
          "SK": 50,
          "SM": 51,
          "TR": 52,
          "UA": 53,
          "UK": 54,
          "XK": 55
        },
        "label": {
          "AL": "Albania",
          "AM": "Armenia",
          "AT": "Austria",
          "AZ": "Azerbaijan",
          "BE": "Belgium",
          "BG": "Bulgaria",
          "BY": "Belarus",
          "CH": "Switzerland",
          "CY": "Cyprus",
          "CZ": "Czechia",
          "DE": "Germany (until 1990 former territory of the FRG)",
          "DE_TOT": "Germany including former GDR",
          "DK": "Denmark",
          "EA18": "Euro area - 18 countries (2014)",
          "EA19": "Euro area - 19 countries  (from 2015)",
          "EE": "Estonia",
          "EEA30_2007": "European Economic Area (EU27 - 2007-2013 and IS, LI, NO)",
          "EEA31": "European Economic Area (EU28 - 2013-2020 and IS, LI, NO)",
          "EFTA": "European Free Trade Association",
          "EL": "Greece",
          "ES": "Spain",
          "EU27_2007": "European Union - 27 countries (2007-2013)",
          "EU27_2020": "European Union - 27 countries (from 2020)",
          "EU28": "European Union - 28 countries (2013-2020)",
          "FI": "Finland",
          "FR": "France",
          "FX": "France (metropolitan)",
          "GE": "Georgia",
          "HR": "Croatia",
          "HU": "Hungary",
          "IE": "Ireland",
          "IS": "Iceland",
          "IT": "Italy",
          "LI": "Liechtenstein",
          "LT": "Lithuania",
          "LU": "Luxembourg",
          "LV": "Latvia",
          "MD": "Moldova",
          "ME": "Montenegro",
          "MK": "North Macedonia",
          "MT": "Malta",
          "NL": "Netherlands",
          "NO": "Norway",
          "PL": "Poland",
          "PT": "Portugal",
          "RO": "Romania",
          "RS": "Serbia",
          "RU": "Russia",
          "SE": "Sweden",
          "SI": "Slovenia",
          "SK": "Slovakia",
          "SM": "San Marino",
          "TR": "Turkey",
          "UA": "Ukraine",
          "UK": "United Kingdom",
          "XK": "Kosovo (under United Nations Security Council Resolution 1244/99)"
        }
      }
    },
    "time": {
      "label": "time",
      "category": {
        "index": {
          "1960": 0,
          "1961": 1,
          "1962": 2,
          "1963": 3,
          "1964": 4,
          "1965": 5,
          "1966": 6,
          "1967": 7,
          "1968": 8,
          "1969": 9,
          "1970": 10,
          "1971": 11,
          "1972": 12,
          "1973": 13,
          "1974": 14,
          "1975": 15,
          "1976": 16,
          "1977": 17,
          "1978": 18,
          "1979": 19,
          "1980": 20,
          "1981": 21,
          "1982": 22,
          "1983": 23,
          "1984": 24,
          "1985": 25,
          "1986": 26,
          "1987": 27,
          "1988": 28,
          "1989": 29,
          "1990": 30,
          "1991": 31,
          "1992": 32,
          "1993": 33,
          "1994": 34,
          "1995": 35,
          "1996": 36,
          "1997": 37,
          "1998": 38,
          "1999": 39,
          "2000": 40,
          "2001": 41,
          "2002": 42,
          "2003": 43,
          "2004": 44,
          "2005": 45,
          "2006": 46,
          "2007": 47,
          "2008": 48,
          "2009": 49,
          "2010": 50,
          "2011": 51,
          "2012": 52,
          "2013": 53,
          "2014": 54,
          "2015": 55,
          "2016": 56,
          "2017": 57,
          "2018": 58,
          "2019": 59,
          "2020": 60
        },
        "label": {
          "1960": "1960",
          "1961": "1961",
          "1962": "1962",
          "1963": "1963",
          "1964": "1964",
          "1965": "1965",
          "1966": "1966",
          "1967": "1967",
          "1968": "1968",
          "1969": "1969",
          "1970": "1970",
          "1971": "1971",
          "1972": "1972",
          "1973": "1973",
          "1974": "1974",
          "1975": "1975",
          "1976": "1976",
          "1977": "1977",
          "1978": "1978",
          "1979": "1979",
          "1980": "1980",
          "1981": "1981",
          "1982": "1982",
          "1983": "1983",
          "1984": "1984",
          "1985": "1985",
          "1986": "1986",
          "1987": "1987",
          "1988": "1988",
          "1989": "1989",
          "1990": "1990",
          "1991": "1991",
          "1992": "1992",
          "1993": "1993",
          "1994": "1994",
          "1995": "1995",
          "1996": "1996",
          "1997": "1997",
          "1998": "1998",
          "1999": "1999",
          "2000": "2000",
          "2001": "2001",
          "2002": "2002",
          "2003": "2003",
          "2004": "2004",
          "2005": "2005",
          "2006": "2006",
          "2007": "2007",
          "2008": "2008",
          "2009": "2009",
          "2010": "2010",
          "2011": "2011",
          "2012": "2012",
          "2013": "2013",
          "2014": "2014",
          "2015": "2015",
          "2016": "2016",
          "2017": "2017",
          "2018": "2018",
          "2019": "2019",
          "2020": "2020"
        }
      }
    }
  },
  "id": ["unit", "sex", "age", "geo", "time"],
  "size": [1, 1, 1, 56, 61]
}
